"rxn_id","subsystem","reaction_name"
"R_13DAMPPOX","Arginine and proline metabolism","1,3-Diaminopropane:oxygen oxidoreductase (deaminating)"
"R_15KPGE1Ry","Prostaglandin biosynthesis","15-oxoprostaglandin E1 13-reductase"
"R_15KPGE2Ry","Prostaglandin biosynthesis","15-oxoprostaglandin E2 13-reductase"
"R_15KPGE3Ry","Prostaglandin biosynthesis","15-oxoprostaglandin E3 13-reductase"
"R_15KPGF1Ry","Prostaglandin biosynthesis","15-oxoprostaglandin F1alpha 13-reductase"
"R_15KPGF2Ry","Prostaglandin biosynthesis","15-oxoprostaglandin F2alpha 13-reductase"
"R_15KPGF3Ry","Prostaglandin biosynthesis","15-oxoprostaglandin F3alpha 13-reductase"
"R_1P3H5Ct","Transport, extracellular","Transport of L-1-pyrroline-3-hydroxy-5-carboxylate"
"R_1PYR5Ct","Transport, extracellular","Transport of L-1-pyrroline-5-carboxylate"
"R_1SGTH2OHE1ABCte","Transport, extracellular","ATP-binding Cassette (ABC) export of 2-hydroxyestrone-1-S-glutathione"
"R_1SGTH2OHE2ABCte","Transport, extracellular","ATP-binding Cassette (ABC) export of 2-hydroxy-17beta-estradiol-1-S-glutathione"
"R_23CGAMP_AICARtex","Transport, extracellular","2',3'-cyclic GMP-AMP transport via AICAR countertransport"
"R_23CGAMP_OHtex","Transport, extracellular","2',3'-cyclic GMP-AMP transport via hydroxide countertransport"
"R_23CGAMP_THMMPtex","Transport, extracellular","2',3'-cyclic GMP-AMP transport via thiamine monophosphate countertransport"
"R_23CGAMPABCte","Transport, extracellular","ATP-binding Cassette (ABC) export of 2',3'-cyclic GMP-AMP"
"R_23CN3PA","Nucleotide metabolism","2',3'-cyclic-nucleotide 3'-phosphodiesterase (2-AMP)"
"R_23CN3PC","Nucleotide metabolism","2',3'-cyclic-nucleotide 3'-phosphodiesterase (2-CMP)"
"R_23CN3PG","Nucleotide metabolism","2',3'-cyclic-nucleotide 3'-phosphodiesterase (2-GMP)"
"R_23CN3PU","Nucleotide metabolism","2',3'-cyclic-nucleotide 3'-phosphodiesterase (2-UMP)"
"R_23E1QN1GST","Estrogen metabolism","Glutathione:estrone-2,3-quinone S-transferase"
"R_23E1QN4GST","Estrogen metabolism","Glutathione:estrone-2,3-quinone S-transferase"
"R_23E1SQOX","Estrogen metabolism","Oxidation of estrone-2,3 semiquinone"
"R_23E2QN1GST","Estrogen metabolism","Glutathione:17beta-estradiol-2,3-quinone S-transferase"
"R_23E2QN4GST","Estrogen metabolism","Glutathione:17beta-estradiol-2,3-quinone S-transferase"
"R_23E2SQOX","Estrogen metabolism","Oxidation of 17beta-estradiol-2,3-semiquinone"
"R_2ABUTENT","Glycine, serine and threonine metabolism","Nonenzymatic tautomerization of 2-aminobut-2-enoate"
"R_2ABUTGLYDP","Cysteine and methionine metabolism","2-aminobutyrylglycine dipeptidase"
"R_2ABUTTA","Alanine, aspartate and glutamate metabolism","(S)-2-aminobutanoate transaminase"
"R_2ABUTtec","Transport, extracellular","(S)-2-aminobutanoate transport via facilitated diffusion (extracellular to cytosol)"
"R_2AMACT","Glycine, serine and threonine metabolism","Nonenzymatic tautomerization of 2-Aminoprop-2-enoate"
"R_2DADNt","Transport, extracellular","2-deoxyadenosine transport via facilitated diffusion"
"R_2DCYTt","Transport, extracellular","2-deoxycytidine transport via facilitated diffusion"
"R_2DGSNt","Transport, extracellular","2-deoxyguanosine transport via facilitated diffusion"
"R_2DINSt","Transport, extracellular","2-deoxyinosine transport via facilitated diffusion"
"R_2DURIt","Transport, extracellular","2-deoxyuridine transport via facilitated diffusion"
"R_2H3MV","Valine, leucine, and isoleucine metabolism","Formation of 2-Hydroxy-3-Methyl-Valerate"
"R_2HB_5OXPROtex","Transport, extracellular","2-hydroxybutyrate/5-oxoproline exchange"
"R_2HB_ACACtex","Transport, extracellular","2-hydroxybutyrate/Acetoacetate exchange"
"R_2HB_ACtex","Transport, extracellular","2-hydroxybutyrate/Acetate exchange"
"R_2HB_BUTtex","Transport, extracellular","2-hydroxybutyrate/Butyrate exchange"
"R_2HB_DLACtex","Transport, extracellular","2-hydroxybutyrate/D-lactate exchange"
"R_2HB_GLYCLTtex","Transport, extracellular","2-hydroxybutyrate/Glycolate exchange"
"R_2HB_PPAtex","Transport, extracellular","2-hydroxybutyrate/Propanoate exchange"
"R_2HBO","Cysteine and methionine metabolism","2-hydroxybutyrate:NAD+ oxidoreductase"
"R_2HBt2","Transport, extracellular","2-hydroxybutyrate transport via proton symport"
"R_2HIV","Valine, leucine, and isoleucine metabolism","Formation of 2-Hydroxy-Isovalerate"
"R_2IMBUTDA","Glycine, serine and threonine metabolism","2-iminobutanoate deaminase"
"R_2IMPPADA","Glycine, serine and threonine metabolism","2-iminopropanoate aminohydrolase"
"R_2LACK_L","Pyruvate metabolism","Erroneous formation of L-2-phospholactate"
"R_2LACP_L","Pyruvate metabolism","2-phospho-L-lactate phosphatase"
"R_2MTOXE1t","Transport, extracellular","Transport of 2-methoxyestrone"
"R_2MTOXE2t","Transport, extracellular","Transport of 2-methoxy-17-beta-estradiol"
"R_2OBUT_2HBtex","Transport, extracellular","2-oxobutyrate/2-hydroxybutyrate exchange"
"R_2OBUT_5OXPROtex","Transport, extracellular","2-oxobutyrate/5-oxoproline exchange"
"R_2OBUT_ACACtex","Transport, extracellular","2-oxobutyrate/Acetoacetate exchange"
"R_2OBUT_ACtex","Transport, extracellular","2-oxobutyrate/Acetate exchange"
"R_2OBUT_BUTtex","Transport, extracellular","2-oxobutyrate/Butyrate exchange"
"R_2OBUT_DLACtex","Transport, extracellular","2-oxobutyrate/D-lactate exchange"
"R_2OBUT_GLYCLTtex","Transport, extracellular","2-oxobutyrate/Glycolate exchange"
"R_2OBUT_LLACtex","Transport, extracellular","2-oxobutyrate/L-lactate exchange"
"R_2OBUT_PPAtex","Transport, extracellular","2-oxobutyrate/Propanoate exchange"
"R_2OBUTt","Transport, extracellular","2-oxobutanoate transport in via proton symport"
"R_2OH3MTOXE1t","Transport, extracellular","Transport of 2-hydroxy-3-methoxyestrone"
"R_2OH3MTOXE2t","Transport, extracellular","Transport of 2-hydroxy-3--methoxy-17-beta-estradiol"
"R_2OHE1MT","Estrogen metabolism","S-Adenosyl-L-methionine:2-hydroxyestrone O-methyltransferase (2-OH)"
"R_2OHE1MT2","Estrogen metabolism","S-Adenosyl-L-methionine:2-hydroxyestrone O-methyltransferase (3-OH)"
"R_2OHE1PX","Estrogen metabolism","2-hydroxyestrone:hydrogen-peroxide oxidoreductase"
"R_2OHE2MT","Estrogen metabolism","S-Adenosyl-L-methionine:2-hydroxy-17beta-estradiol O-methyltransferase (2-OH)"
"R_2OHE2MT2","Estrogen metabolism","S-Adenosyl-L-methionine:2-hydroxy-17beta-estradiol O-methyltransferase (3-OH)"
"R_2OHE2PX","Estrogen metabolism","2-hydroxyestradiol-17beta:hydrogen-peroxide oxidoreductase"
"R_2SGTH4OHE1ABCte","Transport, extracellular","ATP-binding Cassette (ABC) export of 4-hydroxyestrone-2-S-glutathione"
"R_2SGTH4OHE2ABCte","Transport, extracellular","ATP-binding Cassette (ABC) export of 4-hydroxy-17beta-estradiol-2-S-glutathione"
"R_34DHALDDx","Phenylalanine, tyrosine and tryptophan metabolism","3,4-dihydroxyphenylacetaldehyde:NAD + oxidoreductase"
"R_34DHALDDy","Phenylalanine, tyrosine and tryptophan metabolism","3,4-dihydroxyphenylacetaldehyde:NADP + oxidoreductase"
"R_34DHOXMANDMT","Phenylalanine, tyrosine and tryptophan metabolism","S-adenosyl-L-methionine:3,4-dihydroxymandelate O-methyltransferase"
"R_34DHPHAMT","Phenylalanine, tyrosine and tryptophan metabolism","S-Adenosyl-L-methionine:3,4-Dihydroxyphenylacetate O-methyltransferase"
"R_34DHXMANDACOXx","Phenylalanine, tyrosine and tryptophan metabolism","3,4-dihydroxymandelaldehyde:NAD + oxidoreductase"
"R_34DHXMANDACOXy","Phenylalanine, tyrosine and tryptophan metabolism","3,4-dihydroxymandelaldehyde:NADP + oxidoreductase"
"R_34E1QN2GST","Estrogen metabolism","Glutathione:estrone-3,4-quinone S-transferase"
"R_34E1SQOX","Estrogen metabolism","Oxidation of estrone-3,4-semiquinone"
"R_34E2QN2GST","Estrogen metabolism","Glutathione:17beta-estradiol-3,4-quinone S-transferase"
"R_34E2SQOX","Estrogen metabolism","Oxidation of 17beta-estradiol-3,4-semiquinone"
"R_34HPLDH","Phenylalanine, tyrosine and tryptophan metabolism","3-(4-hydroxyphenyl)lactate:NAD + 2-oxidoreductase"
"R_34HPPOR","Phenylalanine, tyrosine and tryptophan metabolism","4-Hydroxyphenylpyruvate:oxygen oxidoreductase"
"R_34HPPT","Phenylalanine, tyrosine and tryptophan metabolism","3-(4-hydroxyphenyl)pyruvate tautomerase"
"R_3DFRUt","Transport, extracellular","Transport of 3-deoxyfructose"
"R_3DGDH","Fructose and mannose metabolism","3-deoxyglucosone dehydrogenase"
"R_3DGRy","Fructose and mannose metabolism","3-deoxyglucosone reductase"
"R_3DGt","Transport, extracellular","Transport of 3-deoxyglucosone"
"R_3DSPHR","Sphingolipid metabolism","3-ketodihydrosphingosine"
"R_3HKYNAKGAT","Phenylalanine, tyrosine and tryptophan metabolism","3-hydroxy-L-kynurenine:2-oxoglutarate aminotransferase"
"R_3M4HDXPACx","Phenylalanine, tyrosine and tryptophan metabolism","3-methoxy-4-hydroxyphenylacetaldehyde:NAD + oxidoreductase"
"R_3M4HDXPACy","Phenylalanine, tyrosine and tryptophan metabolism","3-methoxy-4-hydroxyphenylacetaldehyde:NADP + oxidoreductase"
"R_3MLDAt","Transport, extracellular","Transport of methylimidazoleacetic acid"
"R_3MOBt2","Transport, extracellular","Transport of 3-methyl-2-oxobutanoate"
"R_3MOX4HOXMte","Transport, extracellular","Transport of vanillylmandelate"
"R_3MOXTYROX","Phenylalanine, tyrosine and tryptophan metabolism","3-methoxytyramine:oxygen oxidoreductase (deaminating)"
"R_3MOXTYRt","Transport, extracellular","Transport of 3-Methoxytyramine"
"R_3MTPte","Transport, extracellular","3-(methylsulfanyl)propanoate"
"R_3OHAACPDH1","Fatty acid biosynthesis (even-chain)","3-hydroxyacyl-[acyl-carrier-protein] dehydratase"
"R_3OHAACPDH2","Fatty acid biosynthesis (even-chain)","3-hydroxyacyl-[acyl-carrier-protein] dehydratase"
"R_3OHAACPDH3","Fatty acid biosynthesis (even-chain)","3-hydroxyacyl-[acyl-carrier-protein] dehydratase"
"R_3OHAACPDH4","Fatty acid biosynthesis (even-chain)","3-hydroxyacyl-[acyl-carrier-protein] dehydratase"
"R_3OHAACPDH5","Fatty acid biosynthesis (even-chain)","3-hydroxyacyl-[acyl-carrier-protein] dehydratase"
"R_3OHAACPDH6","Fatty acid biosynthesis (even-chain)","3-hydroxyacyl-[acyl-carrier-protein] dehydratase"
"R_3OHAACPDH7","Fatty acid biosynthesis (even-chain)","3-hydroxyacyl-[acyl-carrier-protein] dehydratase"
"R_3OHAACPDH8","Fatty acid biosynthesis (even-chain)","3-hydroxyacyl-[acyl-carrier-protein] dehydratase"
"R_3OXAACPR1y","Fatty acid biosynthesis (even-chain)","3-oxoacyl-[acyl-carrier-protein] reductase"
"R_3OXAACPR2y","Fatty acid biosynthesis (even-chain)","3-oxoacyl-[acyl-carrier-protein] reductase"
"R_3OXAACPR3y","Fatty acid biosynthesis (even-chain)","3-oxoacyl-[acyl-carrier-protein] reductase"
"R_3OXAACPR4y","Fatty acid biosynthesis (even-chain)","3-oxoacyl-[acyl-carrier-protein] reductase"
"R_3OXAACPR5y","Fatty acid biosynthesis (even-chain)","3-oxoacyl-[acyl-carrier-protein] reductase"
"R_3OXAACPR6y","Fatty acid biosynthesis (even-chain)","3-oxoacyl-[acyl-carrier-protein] reductase"
"R_3OXAACPR7y","Fatty acid biosynthesis (even-chain)","3-oxoacyl-[acyl-carrier-protein] reductase"
"R_3OXAACPR8y","Fatty acid biosynthesis (even-chain)","3-oxoacyl-[acyl-carrier-protein] reductase"
"R_3SALACBOXL","Cysteine and methionine metabolism","Cysteine sulfinic acid decarboxylase"
"R_3SALAOX","Cysteine and methionine metabolism","Cysteinesulfinic acid dehydrogenase (spontaneous)"
"R_3SALATA","Cysteine and methionine metabolism","3-sulfino-alanine transaminase"
"R_3SPYRSP","Cysteine and methionine metabolism","Nonenzymatic hydrolysis of 3-Sulfinylpyruvate"
"R_41R2A1H12BOOX","Phenylalanine, tyrosine and tryptophan metabolism","Noradrenaline monoamine oxidase"
"R_42A12BOOX","Phenylalanine, tyrosine and tryptophan metabolism","Dopamine:oxygen oxidoreductase (deaminating)"
"R_4ABUTt","Transport, extracellular","Transport of 4-aminobutyrate"
"R_4GTH56DHIABCte","Transport, extracellular","ATP-binding Cassette (ABC) export of 4-S-Glutathionyl-5,6-Dihydroxyindoline"
"R_4H2HXEAL2EDHx","Miscellaneous","4-hydroxy-2E-hexenal dehydrogenase (NADH)"
"R_4H2NNEAL2EDHx","Miscellaneous","4-hydroxy-2E-nonenal dehydrogenase (NADH)"
"R_4HOXPACDORx","Phenylalanine, tyrosine and tryptophan metabolism","4-hydroxyphenylacetaldehyde:NAD + oxidoreductase"
"R_4HOXPACDORy","Phenylalanine, tyrosine and tryptophan metabolism","4-hydroxyphenylacetaldehyde:NADP + oxidoreductase"
"R_4HPROLTASCT1","Transport, extracellular","L-alanine/trans-4-hydroxy-L-proline Na-dependent exchange (Ala-L in)"
"R_4MOPt2","Transport, extracellular","Transport of 4-methyl-2-oxopentanoate"
"R_4OH3MTOXE1t","Transport, extracellular","Transport of 4-methoxyestrone"
"R_4OH3MTOXE2t","Transport, extracellular","Transport of 4-methoxy-17-beta-estradiol"
"R_4OHE1MT","Estrogen metabolism","S-Adenosyl-L-methionine:4-hydroxyestrone O-methyltransferase"
"R_4OHE1PX","Estrogen metabolism","4-hydroxyestrone:hydrogen-peroxide oxidoreductase"
"R_4OHE2MT","Estrogen metabolism","S-Adenosyl-L-methionine:4-hydroxy-17beta-estradiol O-methyltransferase"
"R_4OHE2PX","Estrogen metabolism","4-hydroxyestradiol-17beta:hydrogen-peroxide oxidoreductase"
"R_4PCYSK","Pantothenate and CoA metabolism","ATP:N-pantothenoylcysteine 4'-phosphotransferase"
"R_4PERK","Glycolysis / Gluconeogenesis","Erroneous formation of 1,4-bisphosphoerythronate"
"R_4PERP","Pentose phosphate pathway","4-Phosphoerythronate phosphatase"
"R_4PYRDXABCte","Transport, extracellular","ATP-binding cassette (ABC) export of 4-pyridoxal"
"R_4PYRNDK","Nicotinate and nicotinamide metabolism","4-pyridone-3-carboxamide diphosphate kinase"
"R_4PYRNK","Nicotinate and nicotinamide metabolism","4-pyridone-3-carboxamide-1-beta-D-ribonucleoside kinase"
"R_4PYRNMAT","Nicotinate and nicotinamide metabolism","Nicotinamide-nucleotide adenylyltransferase (4-pyridone-3-carboxamide-1-beta-D-ribonucleotide)"
"R_4PYRNMK","Nicotinate and nicotinamide metabolism","4-pyridone-3-carboxamide monophosphate kinase"
"R_4PYRNN","Nicotinate and nicotinamide metabolism","4-pyridone-3-carboxamide monophosphate phosphohydrolase"
"R_4PYRNt","Transport, extracellular","4-pyridone-3-carboxamide-1-beta-D-ribonucleoside via facilitated diffusion"
"R_4SGTH2OHE1ABCte","Transport, extracellular","ATP-binding Cassette (ABC) export of 2-hydroxyestrone-4-S-glutathione"
"R_4SGTH2OHE2ABCte","Transport, extracellular","ATP-binding Cassette (ABC) export of 2-hydroxy-17beta-estradiol-4-S-glutathione"
"R_56DH5FUt","Transport, extracellular","Transport of 5,6-Dihydro-5-fluorouracil"
"R_56DHIGTHABCte","Transport, extracellular","ATP-binding Cassette (ABC) export of 4-S-Glutathionyl-5,6-Dihydroxyindole"
"R_56DHIO2SX","Phenylalanine, tyrosine and tryptophan metabolism","Oxidation of of 5,6-dihydroxyindole via superoxide"
"R_56DHIPX","Phenylalanine, tyrosine and tryptophan metabolism","Oxidation of of 5,6-dihydroxyindole via hydrogen peroxide"
"R_56DHISQDP","Phenylalanine, tyrosine and tryptophan metabolism","Disproportionation of indole-5,6-o-semiquinone"
"R_56DTHMt","Transport, extracellular","Transport of 5,6-dihydrothymine"
"R_56DURAt","Transport, extracellular","Transport of 5,6-dihydrouracil"
"R_5ADHTRy","Androgen metabolism","5alpha-dihydrotestosterone reductase (NADPH)"
"R_5AOPt2","Transport, extracellular","5-Amino-4-oxopentanoate transport via proton symport"
"R_5FLUDPK","5-fluorouracil metabolism","Nucleoside-diphosphate kinase (ATP:5-fluorouridine 5-diphosphate)"
"R_5FLUMPK","5-fluorouracil metabolism","Uridylate kinase (ATP:5-fluorouridine 5-monophosphate)"
"R_5FLURAABCte","Transport, extracellular","ATP-binding Cassette (ABC) export of 5-fluorouracil"
"R_5FLURAPT","5-fluorouracil metabolism","5-fluorouracil phosphoribosyltransferase"
"R_5FLURAt","Transport, extracellular","Transport of 5-fluorouracil"
"R_5FTHF_5MTHFtex","Transport, extracellular","5-Formyl-tetrahydrofolate transport via 5-Methyl-tetrahydrofolate countertransport"
"R_5FTHF_AICARtex","Transport, extracellular","5-Formyl-tetrahydrofolate transport via AICAR countertransport"
"R_5FTHF_OHtex","Transport, extracellular","5-Formyl-tetrahydrofolate transport via hydroxide countertransport"
"R_5FTHF_THMMPtex","Transport, extracellular","5-Formyl-tetrahydrofolate transport via thiamine monophosphate countertransport"
"R_5FTHFABCte","Transport, extracellular","ATP-binding Cassette (ABC) export of  5-formyl-tetrahydrofolate"
"R_5HOXINDACTOX","Phenylalanine, tyrosine and tryptophan metabolism","5-Hydroxyindoleacetaldehyde:NAD + oxidoreductase"
"R_5HPUDICDC","Purine metabolism","Nonenzyamtic decarboxylation of 5-Hydroxy-2-oxo-4-ureido-2,5-dihydro-1H-imidazole-5-carboxylate"
"R_5INS7P5PP","Inositol phosphate metabolism","5-diphospho-1D-myo-inositol 1,2,3,4,6-pentakisphosphate 5-diphosphohydrolase"
"R_5MTAtec","Transport, extracellular","Transport of 5-S-methyl-5-thioadenosine via facilitated diffusion (extracellular/cytosol)"
"R_5MTHF_AICARtex","Transport, extracellular","5-Methyl-tetrahydrofolate transport via AICAR countertransport"
"R_5MTHF_OHtex","Transport, extracellular","5-Methyl-tetrahydrofolate transport via hydroxide countertransport"
"R_5MTHF_THMMPtex","Transport, extracellular","5-Methyl-tetrahydrofolate transport via thiamine monophosphate countertransport"
"R_5MTHFABCte","Transport, extracellular","ATP-binding Cassette (ABC) export of 5-methyl-tetrahydrofolate"
"R_5OXPRO_ACACtex","Transport, extracellular","5-oxoproline/Acetoacetate exchange"
"R_5OXPRO_ACtex","Transport, extracellular","5-oxoproline/Acetate exchange"
"R_5OXPRO_BUTtex","Transport, extracellular","5-oxoproline/Butyrate exchange"
"R_5OXPRO_DLACtex","Transport, extracellular","5-oxoproline/D-lactate exchange"
"R_5OXPRO_GLYCLTtex","Transport, extracellular","5-oxoproline/Glycolate exchange"
"R_5OXPRO_PPAtex","Transport, extracellular","5-oxoproline/Propanoate exchange"
"R_5OXPROt2","Transport, extracellular","5-oxoproline transport via proton symport"
"R_5PPINSP5P1K","Inositol phosphate metabolism","ATP:1D-myo-inositol-5-diphosphate-pentakisphosphate 1-phosphotransferase"
"R_6HOPTHPDH","Biopterin metabolism","Tetrahydrobiopterin:NADP+ oxidoreductase [6-(1'-Hydroxy-2'-oxopropyl)-tetrahydropterin-forming]"
"R_6LTHPI","Biopterin metabolism","Nonenzymatic formation of sepiapterin"
"R_6PTHPDH","Biopterin metabolism","6-Lactoyl-5,6,7,8-tetrahydropterin:NADP+ 2'-oxidoreductase"
"R_6PTHPDH2","Biopterin metabolism","6-(1'-hydroxy-2'-oxopropyl)-tetrahydropterin:NADP+ oxidoreductase"
"R_78DHBPTt","Transport, extracellular","7,8-Dihydrobiopterin transport via facilitated diffusion"
"R_A_MANASE","N-glycan metabolism","Alpha-mannosidase"
"R_A4GALTc","Glycosphingolipid biosynthesis - globo and isoglobo series","Lactosylceramide 4-alpha-galactosyltransferase"
"R_AASDHPPT","Pantothenate and CoA metabolism","CoA:apo-[acyl-carrier-protein] pantetheinephosphotransferase"
"R_ABO1A","Glycosphingolipid biosynthesis - lacto and neolacto series","Histo-blood group ABO system transferase"
"R_ABO1B","Glycosphingolipid biosynthesis - lacto and neolacto series","Histo-blood group ABO system transferase"
"R_ABO2A","Glycosphingolipid biosynthesis - lacto and neolacto series","Histo-blood group ABO system transferase"
"R_ABO2B","Glycosphingolipid biosynthesis - lacto and neolacto series","Histo-blood group ABO system transferase"
"R_ABO3A","Glycosphingolipid biosynthesis - lacto and neolacto series","Histo-blood group ABO system transferase"
"R_ABO3AB","Glycosphingolipid biosynthesis - lacto and neolacto series","Histo-blood group ABO system transferase"
"R_ABO4A","Glycosphingolipid biosynthesis - globo and isoglobo series","Histo-blood group ABO system transferase"
"R_ABO4B","Glycosphingolipid biosynthesis - globo and isoglobo series","Histo-blood group ABO system transferase"
"R_ABO5A","Glycosphingolipid biosynthesis - lacto and neolacto series","Histo-blood group ABO system transferase"
"R_ABO5B","Glycosphingolipid biosynthesis - lacto and neolacto series","Histo-blood group ABO system transferase"
"R_ABTt","Transport, extracellular","Transport of arabitol via diffusion"
"R_ABUTDx","Arginine and proline metabolism","4-aminobutyraldehyde:NAD + oxidoreductase"
"R_AC_GLYCLTtex","Transport, extracellular","Acetate/Glycolate exchange"
"R_AC4OACNAMDC","Amino sugar and nucleotide sugar metabolism","N-acetyl-4-O-neuraminate O-acetylesterase"
"R_AC9OACNAMDC","Amino sugar and nucleotide sugar metabolism","N-acetyl-9-O-neuraminate O-acetylesterase"
"R_ACAC_ACtex","Transport, extracellular","Acetoacetate/Acetate exchange"
"R_ACAC_GLYCLTtex","Transport, extracellular","Acetoacetate/Glycolate exchange"
"R_ACACT1","Tricarboxylic acid cycle and glyoxylate/dicarboxylate metabolism","Acetyl-CoA acetyltransferase"
"R_ACACt2","Transport, extracellular","Acetoacetate transport via proton symport"
"R_ACALDt","Transport, extracellular","Acetaldehyde reversible transport"
"R_ACER","Sphingolipid metabolism","Alkaline ceramidase (Cer)"
"R_ACGAM2E","Amino sugar and nucleotide sugar metabolism","N-acetylglucosamine 2-epimerase"
"R_ACGAMK","Amino sugar and nucleotide sugar metabolism","N-acetylglucosamine kinase"
"R_ACGAMNT2","Glycosphingolipid biosynthesis - lacto and neolacto series","glucosaminyl (N-acetyl) transferase 2 (I blood group)"
"R_ACGAMPM","Amino sugar and nucleotide sugar metabolism","Acetylglucosamine phosphomutase"
"R_ACHEe","Glycerophospholipid metabolism","Acetylcholinesterase"
"R_ACHt","Transport, extracellular","Transport of acetylcholine"
"R_ACITL","Tricarboxylic acid cycle and glyoxylate/dicarboxylate metabolism","ATP-Citrate lyase"
"R_ACMAH","Peptide metabolism","N-acetylmethionyl L-alanine hydrolase"
"R_ACMDAC","Peptide metabolism","N-acetyl-L-methionine deacetylase"
"R_ACNAM9PL","Amino sugar and nucleotide sugar metabolism","N-Acetylneuraminate 9-phosphate pyruvate-lyase (pyruvate-phosphorylating)"
"R_ACNAM9PL2","Amino sugar and nucleotide sugar metabolism","3-deoxy-D-glycero-D-galacto-nonulopyranosonate 9-phosphate synthase"
"R_ACNAM9PL3","Amino sugar and nucleotide sugar metabolism","N-acetylneuraminate synthase"
"R_ACNAMPH","Amino sugar and nucleotide sugar metabolism","N-Acetylneuraminate 9-phosphate phosphohydrolase"
"R_ACNAMt2","Transport, extracellular","N-acetylneuraminate proton symport"
"R_ACNML","Amino sugar and nucleotide sugar metabolism","N-Acetylneuraminate lyase"
"R_ACOATA","Fatty acid biosynthesis","[acyl-carrier-protein] S-acetyltransferase"
"R_ACONT","Tricarboxylic acid cycle and glyoxylate/dicarboxylate metabolism","Aconitate hydratase"
"R_ACPPDE","Pantothenate and CoA metabolism","[Acyl-carrier-protein] 4'-pantetheine-phosphohydrolase"
"R_ACt2","Transport, extracellular","Acetate transport via proton symport"
"R_ACYP","Glycolysis / Gluconeogenesis","3-Phospho-D-glyceroyl phosphate phosphohydrolase"
"R_ACYP2","Pyruvate metabolism","Acetyl phosphate phosphohydrolase"
"R_ADA","Purine metabolism","Adenosine deaminase"
"R_ADEt","Transport, extracellular","Adenine transport via facilitated diffusion"
"R_ADK1","Purine metabolism","Adenylate kinase (AMP:ATP)"
"R_ADK3","Nucleotide metabolism","Adenylate kinase (AMP:GTP)"
"R_ADK4","Nucleotide metabolism","Adenylate kinase (AMP:ITP)"
"R_ADK5","Nucleotide metabolism","Adenylate kinase (AMP:CTP)"
"R_ADK6","Nucleotide metabolism","Adenylate kinase (AMP:UTP)"
"R_ADK7","Thiamine metabolism","ADP:thiamin-diphosphate phosphotransferase"
"R_ADMARGARGtex","Transport, extracellular","Asymmetric N(omega),N(omega)-dimethyl-L-arginine/L-arginine exchange"
"R_ADMARGCITRtex","Transport, extracellular","Asymmetric N(omega),N(omega)-dimethyl-L-arginine/L-citrulline exchange"
"R_ADMARGHIStex","Transport, extracellular","Asymmetric N(omega),N(omega)-dimethyl-L-arginine/L-histidine exchange"
"R_ADMARGLYStex","Transport, extracellular","Asymmetric N(omega),N(omega)-dimethyl-L-arginine/L-lysine exchange"
"R_ADMARGORNtex","Transport, extracellular","Asymmetric N(omega),N(omega)-dimethyl-L-arginine/L-ornithine exchange"
"R_ADMARGt_L","Transport, extracellular","Transport of asymmetric N(omega),N(omega)-dimethyl-L-arginine via facilitated diffusion"
"R_ADMDC","Cysteine and methionine metabolism","Adenosylmethionine decarboxylase"
"R_ADNCYC","Purine metabolism","Adenylate cyclase"
"R_ADNK1","Purine metabolism","Adenosine kinase"
"R_ADNt","Transport, extracellular","Adenosine transport via facilitated diffusion"
"R_ADPGK","Glycolysis / Gluconeogenesis","ADP-dependent glucokinase (beta-D-glucose)"
"R_ADPGKa","Glycolysis / Gluconeogenesis","ADP-dependent glucokinase (alpha-D-glucose)"
"R_ADPGLCDP","Starch and sucrose metabolism","ADP-glucose diphosphatase"
"R_ADPMNDP","Fructose and mannose metabolism","ADP-mannose diphosphatase"
"R_ADPRDACAC1","Nicotinate and nicotinamide metabolism","1''-O-acetyl-ADP-D-ribose deacetylase"
"R_ADPRDACAC2","Nicotinate and nicotinamide metabolism","2''-O-acetyl-ADP-D-ribose deacetylase"
"R_ADPRDP","Nucleotide metabolism","ADP-ribose diphosphatase"
"R_ADPRPI","Nucleotide metabolism","ADP-ribose 5-phosphate isomerase"
"R_ADPRUDP","Nucleotide metabolism","ADP-ribulose diphosphatase"
"R_ADPT","Purine metabolism","Adenine phosphoribosyltransferase"
"R_ADRNCHR1ERx","Phenylalanine, tyrosine and tryptophan metabolism","Adrenochrome:NADH reductase (1e-)"
"R_ADRNCHR2ERy","Phenylalanine, tyrosine and tryptophan metabolism","N-ribosyldihydronicotinamide:adrenochrome reductase (2e-)"
"R_ADRNCHR2ERz","Phenylalanine, tyrosine and tryptophan metabolism","N-ribosyldihydronicotinamide:adrenochrome reductase (2e-)"
"R_ADRNCHRGST","Phenylalanine, tyrosine and tryptophan metabolism","Glutathione:adrenochrome S-transferase"
"R_ADRNCHRSQOX","Phenylalanine, tyrosine and tryptophan metabolism","Oxidation of leucoadrenochrome-o-semiquinone via O2"
"R_ADRNLGTHABCte","Transport, extracellular","ATP-binding Cassette (ABC) export of 5-S-glutathionyl-L-adrenaline"
"R_ADRNLO2SX_L","Phenylalanine, tyrosine and tryptophan metabolism","Oxidation of L-adrenaline via superoxide"
"R_ADRNLPX_L","Phenylalanine, tyrosine and tryptophan metabolism","Oxidation of L-adrenaline via hydrogen peroxide"
"R_ADRNLQ1ERx_L","Phenylalanine, tyrosine and tryptophan metabolism","L-adrenaline-o-quinone:NADH reductase (1e-)"
"R_ADRNLQ2ERy_L","Phenylalanine, tyrosine and tryptophan metabolism","N-ribosyldihydronicotinamide:L-adrenaline-o-quinone reductase (2e-)"
"R_ADRNLQ2ERz_L","Phenylalanine, tyrosine and tryptophan metabolism","N-ribosyldihydronicotinamide:L-adrenaline-o-quinone reductase (2e-)"
"R_ADRNLQC_L","Phenylalanine, tyrosine and tryptophan metabolism","Cyclicization of L-adrenaline-o-quinone"
"R_ADRNLQGST_L","Phenylalanine, tyrosine and tryptophan metabolism","Glutathione:L-adrenaline-o-quinone S-transferase"
"R_ADRNLSQDP_L","Phenylalanine, tyrosine and tryptophan metabolism","Disproportionation of L-adrenaline-o-semiquinone"
"R_ADRNLSQOX_L","Phenylalanine, tyrosine and tryptophan metabolism","Oxidation of L-adrenaline-o-semiquinone via O2"
"R_ADRNLt","Transport, extracellular","L-adrenaline transport via uniport"
"R_ADSL1","Purine metabolism","Adenylosuccinate lyase (sAMP)"
"R_ADSL2","Purine metabolism","Adenylosuccinate lyase (sZMP)"
"R_ADSS","Purine metabolism","Adenylosuccinate synthetase"
"R_AG1tec","Transport, extracellular","Silver (1+) transport via facilitated diffusion"
"R_AGDC","Amino sugar and nucleotide sugar metabolism","N-acetylglucosamine-6-phosphate deacetylase"
"R_AHC","Cysteine and methionine metabolism","Adenosylhomocysteinase"
"R_AHDTPPPH","Biopterin metabolism","2-Amino-4-Hydroxy-6- (Erythro-1, 2, 3-Trihydroxypropyl) Dihydropteridine Triphosphate Phosphohydrolase (Alkaline Optimum)"
"R_AICAK","Purine metabolism","5-amino-4-imidazole carboxamide ribonucleoside kinase"
"R_AICART","Purine metabolism","Phosphoribosylaminoimidazolecarboxamide formyltransferase"
"R_AICAt","Transport, extracellular","5-amino-4-imidazole carboxamide ribonucleoside transport via facilitated diffusion"
"R_AICRT","Purine metabolism","5-aminoimidazole-4-carboxamide phosphoribosyltransferase"
"R_AICt","Transport, extracellular","5-amino-4-imidazole carboxamide via facilitated diffusion"
"R_AIRC","Purine metabolism","Phosphoribosylaminoimidazole carboxylase"
"R_AKGtec","Transport, extracellular","Transport of alpha-ketoglutarate"
"R_ALAADMARGNaEx","Transport, extracellular","L-alanine/Asymmetric N(omega),N(omega)-dimethyl-L-arginine Na-dependent exchange (Ala-L in)"
"R_ALAARGNaEx","Transport, extracellular","L-alanine/L-arginine Na-dependent exchange (Ala-L in)"
"R_ALAASNex","Transport, extracellular","L-alanine/L-asparagine exchange"
"R_ALAASNNaEx","Transport, extracellular","L-alanine/L-asparagine Na-dependent exchange (Ala-L in)"
"R_ALABt","Transport, extracellular","Transport of beta-alanine"
"R_ALACITRNaEx","Transport, extracellular","L-alanine/L-citrulline Na-dependent exchange (Ala-L in)"
"R_ALACYSex","Transport, extracellular","L-alanine/L-cysteine exchange"
"R_ALACYSNaEx","Transport, extracellular","L-alanine/L-cysteine Na-dependent exchange (Ala-L in)"
"R_ALAGLNex","Transport, extracellular","L-alanine/L-glutamine exchange"
"R_ALAGLNNaEx","Transport, extracellular","L-alanine/L-glutamine Na-dependent exchange (Ala-L in)"
"R_ALAGLYex","Transport, extracellular","L-alanine/Glycine exchange"
"R_ALAHCYSNaEx","Transport, extracellular","L-alanine/L-homocysteine Na-dependent exchange (Ala-L in)"
"R_ALAILEex","Transport, extracellular","L-alanine/L-isoleucine exchange"
"R_ALALEUex","Transport, extracellular","L-alanine/L-leucine exchange"
"R_ALALYSNaEx","Transport, extracellular","L-alanine/L-arginine Na-dependent exchange (Ala-L in)"
"R_ALAMETex","Transport, extracellular","L-alanine/L-methionine exchange"
"R_ALAMMARGNaEx","Transport, extracellular","L-alanine/N(omega)-methyl-L-arginine Na-dependent exchange (Ala-L in)"
"R_ALAORNNaEx","Transport, extracellular","L-alanine/L-ornithine Na-dependent exchange (Ala-L in)"
"R_ALAPHEex","Transport, extracellular","L-alanine/L-phenylalanine exchange"
"R_ALAPROASCT1","Transport, extracellular","L-alanine/L-proline Na-dependent exchange (Ala-L in)"
"R_ALAPROex","Transport, extracellular","L-alanine/L-proline exchange"
"R_ALASERex","Transport, extracellular","L-alanine/L-serine exchange"
"R_ALASERNaEx","Transport, extracellular","L-alanine/L-serine Na-dependent exchange (Ala-L in)"
"R_ALATA_L","Alanine, aspartate and glutamate metabolism","L-alanine transaminase"
"R_ALAtec","Transport, extracellular","L-alanine transport via facilitated diffusion (extracellular to cytosol)"
"R_ALATHRex","Transport, extracellular","L-alanine/L-threonine exchange"
"R_ALATHRNaEx","Transport, extracellular","L-alanine/L-threonine Na-dependent exchange (Ala-L in)"
"R_ALATRPex","Transport, extracellular","L-alanine/L-tyrptophan exchange"
"R_ALATRS","Aminoacyl-tRNA biosynthesis","L-Alanine:tRNA(Ala) ligase (AMP-forming)"
"R_ALATYRex","Transport, extracellular","L-alanine/L-tyrosine exchange"
"R_ALAVALex","Transport, extracellular","L-alanine/L-valine exchange"
"R_ALCD19y","Glycerolipid metabolism","Glycerol:NADP+ oxidoreductase"
"R_ALCD2x","Pyruvate metabolism","Alcohol dehydrogenase (ethanol, NAD)"
"R_ALDD19x","Phenylalanine, tyrosine and tryptophan metabolism","Phenylacetaldehyde:NAD + oxidoreductase"
"R_ALDD19y","Phenylalanine, tyrosine and tryptophan metabolism","Phenylacetaldehyde:NADP + oxidoreductase"
"R_ALDD20x","Phenylalanine, tyrosine and tryptophan metabolism","Indole-3-acetaldehyde:NAD + oxidoreductase"
"R_ALDD2x","Pyruvate metabolism","Acetaldehyde:NAD + oxidoreductase"
"R_ALDD2y","Pyruvate metabolism","Acetaldehyde:NADP + oxidoreductase"
"R_ALKP","Glycerolipid metabolism","Alkaline phosphatase"
"R_ALLTN","Purine metabolism","Allantoinase"
"R_ALLTNt","Transport, extracellular","Transport of allantoin"
"R_ALR2y","Pyruvate metabolism","Aldose reductase (methylglyoxal, NADPH)"
"R_ALR3y","Pyruvate metabolism","Aldose reductase (hydroxyacetone, NADPH)"
"R_AMANK","Amino sugar and nucleotide sugar metabolism","N-acetyl-D-mannosamine kinase"
"R_AMGLSDASEa","Starch and sucrose metabolism","Amylo-1,6-glucosidase (G7G1 --> G7)"
"R_AMPAMD","Purine metabolism","adenosine 5'-monophosphoramidase"
"R_AMPDA","Purine metabolism","Adenosine monophosphate deaminase"
"R_AMPINSPT","Purine metabolism","Nucleoside phosphotransferase (AMP:Inosine)"
"R_AMPTASECG","Glutathione metabolism","L-cysteinylglycine dipeptidase"
"R_ANDRSTNDNRy","Androgen metabolism","Androst-4-ene-3,17-dione reductase (NADPH, testosterone forming)"
"R_ANDRSTNDNt","Transport, extracellular","Transport of 4-androstene-3,17-dione"
"R_ANDRSTRNRy","Androgen metabolism","Androsterone reductase (NADPH)"
"R_ANGIO1THOP","Renin-angiotensin system","Thimet oligopeptdase (Angiontensin I --> Angiotensin 1-7)"
"R_ANGIO2ASPH","Renin-angiotensin system","Angiotensinase (Angiontensin II --> Angiotensin III)"
"R_ANGIO2DDP","Renin-angiotensin system","Dipeptidyl peptidase (Angiotensin II)"
"R_ANGIO3ARGH","Renin-angiotensin system","Angiotensinase (Angiontensin III --> Angiotensin IV)"
"R_ANGIO4DDP","Renin-angiotensin system","Dipeptidyl peptidase (Angiotensin IV)"
"R_ANGIO58PEP","Renin-angiotensin system","Prolyl endopeptidase (Angiotensin 5-8)"
"R_AP4AH1","Nucleotide metabolism","Bis(5'-nucleosyl)-tetraphosphatase [asymmetrical] (ATP)"
"R_AP4ASYN","Nucleotide metabolism","P1,P4-bis(5'-adenosyl) tetraphosphate"
"R_AP5AH1","Nucleotide metabolism","Diadenosine hexaphosphate hydrolase (ATP forming)"
"R_AP6AH1","Nucleotide metabolism","Diadenosine hexaphosphate hydrolase (ATP forming)"
"R_AP6AH2","Nucleotide metabolism","Diadenosine hexaphosphate hydrolase (ADP forming)"
"R_APDPP","Peptide metabolism","L-alanyl-L-proline dipeptidase"
"R_APRGSTRNt","Transport, extracellular","Transport of 20alpha-hydroxy-4-pregnen-3-one"
"R_ARAB_Lt","Transport, extracellular","Transport of L-arabinose via facilitated diffusion"
"R_ARABR_Ly","Pentose and glucuronate interconversions","L-arabinose dehydrogenase"
"R_ARACHD1112MOXy","Arachidonic acid metabolism","Cytochromes P450:NADPH monooxygenase (arachidonate , 11,12-EET forming)"
"R_ARACHD1415MOXy","Arachidonic acid metabolism","Cytochromes P450:NADPH monooxygenase (arachidonate , 14,15-EET forming)"
"R_ARACHD56MOXy","Arachidonic acid metabolism","Cytochromes P450:NADPH monooxygenase (arachidonate , 5,6-EET forming)"
"R_ARACHD89MOXy","Arachidonic acid metabolism","Cytochromes P450:NADPH monooxygenase (arachidonate , 8,9-EET forming)"
"R_ARACHDOHRI","Arachidonic acid metabolism","Initiation of arachidonate radical via hydroxyl radical"
"R_ARACHDRO2P","Arachidonic acid metabolism","Propogation of arachidonate radical to peroxyl radical"
"R_ARACHDROO11AVITE1RT","Arachidonic acid metabolism","Termination of arachidonate peroxyl radical via alpha-tocopherol radical (11-HPETE forming)"
"R_ARACHDROO11AVITE1T","Arachidonic acid metabolism","Termination of arachidonate peroxyl radical via alpha-tocopherol (11-HPETE forming)"
"R_ARACHDROO12AVITE1RT","Arachidonic acid metabolism","Termination of arachidonate peroxyl radical via alpha-tocopherol radical (12-HPETE forming)"
"R_ARACHDROO12AVITE1T","Arachidonic acid metabolism","Termination of arachidonate peroxyl radical via alpha-tocopherol (12-HPETE forming)"
"R_ARACHDROO15AVITE1RT","Arachidonic acid metabolism","Termination of arachidonate peroxyl radical via alpha-tocopherol radical (15-HPETE forming)"
"R_ARACHDROO15AVITE1T","Arachidonic acid metabolism","Termination of arachidonate peroxyl radical via alpha-tocopherol (15-HPETE forming)"
"R_ARACHDROO5AVITE1RT","Arachidonic acid metabolism","Termination of arachidonate peroxyl radical via alpha-tocopherol radical (5-HPETE forming)"
"R_ARACHDROO5AVITE1T","Arachidonic acid metabolism","Termination of arachidonate peroxyl radical via alpha-tocopherol (5-HPETE forming)"
"R_ARACHDROO8AVITE1RT","Arachidonic acid metabolism","Termination of arachidonate peroxyl radical via alpha-tocopherol radical (8-HPETE forming)"
"R_ARACHDROO8AVITE1T","Arachidonic acid metabolism","Termination of arachidonate peroxyl radical via alpha-tocopherol (8-HPETE forming)"
"R_ARACHDROO9AVITE1RT","Arachidonic acid metabolism","Termination of arachidonate peroxyl radical via alpha-tocopherol radical (9-HPETE forming)"
"R_ARACHDROO9AVITE1T","Arachidonic acid metabolism","Termination of arachidonate peroxyl radical via alpha-tocopherol (9-HPETE forming)"
"R_ARDFE2","Cysteine and methionine metabolism","Acireductone dioxygenase [iron(II)-requiring]"
"R_ARDNI2","Cysteine and methionine metabolism","Acireductone dioxygenase (Ni2+-requiring)"
"R_ARGCITRtex","Transport, extracellular","L-arginine/L-citrulline exchange"
"R_ARGHIStex","Transport, extracellular","L-arginine/L-histidine exchange"
"R_ARGLYStex","Transport, extracellular","L-arginine/L-lysine exchange"
"R_ARGN","Arginine and proline metabolism","Arginase"
"R_ARGORNtex","Transport, extracellular","L-arginine/L-ornithine exchange"
"R_ARGSL","Arginine and proline metabolism","Argininosuccinate lyase"
"R_ARGtec","Transport, extracellular","L-arginine transport via facilitated diffusion"
"R_ARGTRS","Aminoacyl-tRNA biosynthesis","L-Arginine:tRNA(Arg) ligase (AMP-forming)"
"R_ARSDIGTHSELN","Reactive species formation and detoxification","Formation of Selenobis(S-glutathionyl) arsinium ion"
"R_ARSGTHGTH","Reactive species formation and detoxification","Glutathione conjugation to arsenate"
"R_ARSNA_Cltex","Transport, extracellular","Transport of arsenate via chloride antiport"
"R_ARSNAGTHRD","Reactive species formation and detoxification","Arsenate:glutathione oxidoreductase"
"R_ARSNAH2O2X1","Reactive species formation and detoxification","Oxidation of arsenate via hydrogen peroxide"
"R_ARSNIGTH","Reactive species formation and detoxification","Glutathione conjugation to arsenate"
"R_ARSNIt","Transport, extracellular","Transport of arsenite via facilitated difusion"
"R_ARSSELDIGTHABCte","Transport, extracellular","ATP-binding Cassette (ABC) export of Seleno Bis(S-glutathionyl) arsinium Ion"
"R_ASCBCU2R","Ascorbate and aldarate metabolism","Reduction of Copper (II) via L-ascorbate"
"R_ASCBCU2Re","Ascorbate and aldarate metabolism","Reduction of Copper (II) via L-ascorbate"
"R_ASCBFE3R","Ascorbate and aldarate metabolism","Reduction of Iron (III) via L-ascorbate"
"R_ASCBFE3Re","Ascorbate and aldarate metabolism","Reduction of Iron (III) via L-ascorbate"
"R_ASCBO2SX","Ascorbate and aldarate metabolism","Nonenzymatic formation of monodehydroascorbate (superoxide)"
"R_ASCBO2SXe","Ascorbate and aldarate metabolism","Nonenzymatic formation of monodehydroascorbate (superoxide)"
"R_ASCBOH1R","Ascorbate and aldarate metabolism","Nonenzymatic formation of monodehydroascorbate (hydroxyl)"
"R_ASCBOH1Re","Ascorbate and aldarate metabolism","Nonenzymatic formation of monodehydroascorbate (hydroxyl)"
"R_ASCBt","Transport, extracellular","L-ascorbate transport via facilitated diffusion"
"R_ASCBURATERD","Purine metabolism","Disproportionation of urate radical (L-ascorbate)"
"R_ASNADMARGNaEx","Transport, extracellular","L-asparagine/Asymmetric N(omega),N(omega)-dimethyl-L-arginine Na-dependent exchange (Asn-L in)"
"R_ASNALANaEx","Transport, extracellular","L-asparagine/L-alanine Na-dependent exchange (Asn-L in)"
"R_ASNARGNaEx","Transport, extracellular","L-asparagine/L-arginine Na-dependent exchange (Asn-L in)"
"R_ASNCITRNaEx","Transport, extracellular","L-asparagine/L-citrulline Na-dependent exchange (Asn-L in)"
"R_ASNCYSex","Transport, extracellular","L-asparagine/L-cysteine exchange"
"R_ASNCYSNaEx","Transport, extracellular","L-asparagine/L-cysteine Na-dependent exchange (Asn-L in)"
"R_ASNGLNex","Transport, extracellular","L-asparagine/L-glutamine exchange"
"R_ASNGLNNaEx","Transport, extracellular","L-asparagine/L-glutamine Na-dependent exchange (Asn-L in)"
"R_ASNGLYex","Transport, extracellular","L-asparagine/Glycine exchange"
"R_ASNILEex","Transport, extracellular","L-asparagine/L-isoleucine exchange"
"R_ASNLEUex","Transport, extracellular","L-asparagine/L-leucine exchange"
"R_ASNLYSNaEx","Transport, extracellular","L-asparagine/L-arginine Na-dependent exchange (Asn-L in)"
"R_ASNMETex","Transport, extracellular","L-asparagine/L-methionine exchange"
"R_ASNMMARGNaEx","Transport, extracellular","L-asparagine/N(omega)-methyl-L-arginine Na-dependent exchange (Asn-L in)"
"R_ASNNaHtex","Transport, extracellular","L-asparagine Na-dependent symport"
"R_ASNORNNaEx","Transport, extracellular","L-asparagine/L-ornithine Na-dependent exchange (Asn-L in)"
"R_ASNPHEex","Transport, extracellular","L-asparagine/L-phenylalanine exchange"
"R_ASNPROex","Transport, extracellular","L-asparagine/L-proline exchange"
"R_ASNSERex","Transport, extracellular","L-asparagine/L-serine exchange"
"R_ASNSERNaEx","Transport, extracellular","L-asparagine/L-serine Na-dependent exchange (Asn-L in)"
"R_ASNTA","Alanine, aspartate and glutamate metabolism","L-asparagine transaminase"
"R_ASNtec","Transport, extracellular","L-asparagine transport via facilitated diffusion"
"R_ASNTHRex","Transport, extracellular","L-asparagine/L-threonine exchange"
"R_ASNTHRNaEx","Transport, extracellular","L-asparagine/L-threonine Na-dependent exchange (Asn-L in)"
"R_ASNTRPex","Transport, extracellular","L-asparagine/L-tyrptophan exchange"
"R_ASNTRS","Aminoacyl-tRNA biosynthesis","L-Asparagine:tRNA(Asn) ligase (AMP-forming)"
"R_ASNTYRex","Transport, extracellular","L-asparagine/L-tyrosine exchange"
"R_ASNVALex","Transport, extracellular","L-asparagine/L-valine exchange"
"R_ASPCT","Pyrimidine metabolism","Aspartate carbamoyltransferase"
"R_ASPNaHKtex","Transport, extracellular","L-aspartate uptake via Na+:H+ symport and K+ antiport"
"R_ASPTA","Alanine, aspartate and glutamate metabolism","Aspartate transaminase"
"R_ASPte","Transport, extracellular","Efflux of aspartate via facilited diffusion"
"R_ASPTRS","Aminoacyl-tRNA biosynthesis","L-Aspartate:tRNA(Asp) ligase (AMP-forming)"
"R_ATPR5PT","Nucleotide metabolism","ATP:D-ribose-5-phosphate adenylyltransferase"
"R_ATPte","Transport, extracellular","ATP export"
"R_AVITE1RASCBR1","Vitamin E metabolism","Reduction of alpha-tocopherol radical via L-ascorbate"
"R_AVITE1RCYTB5R","Vitamin E metabolism","Reduction of alpha-tocopherol radical via L-ascorbate"
"R_AVITE1RQ10H2R","Vitamin E metabolism","Reduction of alpha-tocopherol radical via ubiquinol-10"
"R_AVITE1RQ10HR","Vitamin E metabolism","Reduction of alpha-tocopherol radical via ubiquinol-10 radical"
"R_B3GALNT1c","Glycosphingolipid biosynthesis - globo and isoglobo series","Beta-1,3-N-acetylgalactosaminyltransferase 1"
"R_BAMPPALDOXx","Arginine and proline metabolism","3-amino-propanal:NAD + oxidoreductase"
"R_BETALDDHx","Glycine, serine and threonine metabolism","Choline:NAD oxidoreductase"
"R_BHMT","Glycine, serine and threonine metabolism","Betaine-homocysteine S-methyltransferase"
"R_BILIREDx","Porphyrin metabolism","Biliverdin reductase (NADH)"
"R_BILIREDy","Porphyrin metabolism","Biliverdin reductase (NADPH)"
"R_BILRUBABCte","Transport, extracellular","ATP-binding Cassette (ABC) export of unconjugated billirubin"
"R_BKAACPSYN1","Fatty acid biosynthesis (even-chain)","beta-ketoacyl-[acyl-carrier-protein] synthase I"
"R_BKAACPSYN2","Fatty acid biosynthesis (even-chain)","beta-ketoacyl-[acyl-carrier-protein] synthase I"
"R_BKAACPSYN3","Fatty acid biosynthesis (even-chain)","beta-ketoacyl-[acyl-carrier-protein] synthase I"
"R_BKAACPSYN4","Fatty acid biosynthesis (even-chain)","beta-ketoacyl-[acyl-carrier-protein] synthase I"
"R_BKAACPSYN5","Fatty acid biosynthesis (even-chain)","beta-ketoacyl-[acyl-carrier-protein] synthase I"
"R_BKAACPSYN6","Fatty acid biosynthesis (even-chain)","beta-ketoacyl-[acyl-carrier-protein] synthase I"
"R_BKAACPSYN7","Fatty acid biosynthesis (even-chain)","beta-ketoacyl-[acyl-carrier-protein] synthase I"
"R_BKAACPSYN8","Fatty acid biosynthesis (even-chain)","beta-ketoacyl-[acyl-carrier-protein] synthase I"
"R_BPNT","Purine metabolism","3',5'-bisphosphate nucleotidase"
"R_BPNT2","Sulfur metabolism","3'-Phospho-5'-adenylyl sulfate 3'-phosphohydrolase"
"R_BTCOAC","Pantothenate and CoA metabolism","Butanoyl-CoA carboxylase"
"R_BUT_ACACtex","Transport, extracellular","Butyrate/Acetoacetate exchange"
"R_BUT_ACtex","Transport, extracellular","Butyrate/Acetate exchange"
"R_BUT_GLYCLTtex","Transport, extracellular","Butyrate/Glycolate exchange"
"R_BUT_PPAtex","Transport, extracellular","Butyrate/Propanoate exchange"
"R_BUTt2r","Transport, extracellular","Butyrate transport via H + symport"
"R_BZALDHx","Miscellaneous","Benzaldehyde dehydrogenase (NADH)"
"R_CA2t","Transport, extracellular","Calcium (II) import"
"R_CAATPS1","Transport, extracellular","P-type Ca(2+) transporter (1:1 stoichiometry)"
"R_CADPRBPH","Nicotinate and nicotinamide metabolism","2'-phospho-cyclic-ADP-ribose hydrolase"
"R_CADPRBPHe","Nicotinate and nicotinamide metabolism","2'-phospho-cyclic-ADP-ribose hydrolase"
"R_CADPRIBH","Nicotinate and nicotinamide metabolism","Cyclic-ADP-ribose hydrolase"
"R_CADPRIBHe","Nicotinate and nicotinamide metabolism","Cyclic-ADP-ribose hydrolase"
"R_CADPRIBtec","Nicotinate and nicotinamide metabolism","Cyclic ADP ribose transport"
"R_CAMPABCte","Transport, extracellular","ATP-binding Cassette (ABC) export of 3',5'-cyclic AMP"
"R_CAMPtec","Transport, extracellular","Transport of 3',5'-cyclic GMP"
"R_CAT","Reactive species formation and detoxification","Catalase"
"R_CCLMETHBH","Hemoglobin binding and degradation","Dissociation of hematin from covalent crosslinked methemoglobin"
"R_CD2_2HCO3t","Transport, extracellular","Cadmium (II):bicarbonate symport (1:2)"
"R_CD2DMT1t","Transport, extracellular","Cadmium  (II) transport via H+ symport (1:1)"
"R_CD2t","Transport, extracellular","Cadmium (II) transport"
"R_CDIPT","Glycerophospholipid metabolism","Phosphatidylinositol (PI) synthase"
"R_CDPCHOLPP","Glycerolipid metabolism","CDP-choline pyrophosphatase"
"R_CDPETHACPP","Glycerolipid metabolism","CDP-ethanolamine pyrophosphatase"
"R_CDS","Glycerophospholipid metabolism","Phosphatidate (PA) cytidyltransferase"
"R_CFMNH","Riboflavin metabolism","Riboflavin cyclic-4',5'-phosphate hydrolysis"
"R_CGMPABCte","Transport, extracellular","ATP-binding Cassette (ABC) export of 3',5'-cyclic GMP"
"R_CGMPtec","Transport, extracellular","Transport of 3',5'-cyclic AMP"
"R_CHLP","Glycerophospholipid metabolism","Choline phosphate phosphatase"
"R_CHLPCTD","Glycerophospholipid metabolism","Choline phosphate cytididyltransferase"
"R_CHLPe","Glycerophospholipid metabolism","Choline phosphate phosphatase"
"R_CHLSTD78I","Cholesterol metabolism","5alpha-cholest-7-en-3beta-ol delta7-delta8-isomerase"
"R_CHLSTI1","Cholesterol metabolism","Delta8,24-cholestadien-3beta-ol delta7-delta8-isomerase"
"R_CHOLATEGTHABCte","Transport, extracellular","ATP-binding Cassette (ABC) export of cholate with glutathione cotransport"
"R_CHOLATEt","Transport, extracellular","Transport of cholate"
"R_CHOLD","Glycine, serine and threonine metabolism","Choline dehydrogenase"
"R_CHOLtec","Transport, extracellular","Transport of choline via facilitated diffusion"
"R_CHSTEROLABCte","Transport, extracellular","ATP-binding Cassette (ABC) export of cholesterol"
"R_CHSTEROLt","Transport, extracellular","Transport of cholesterol"
"R_CIMPABCte","Transport, extracellular","ATP-binding Cassette (ABC) export of 3',5'-cyclic IMP"
"R_CIMPtec","Transport, extracellular","Transport of 3',5'-cyclic IMP"
"R_CITt","Transport, extracellular","Transport of citrate"
"R_CK","Arginine and proline metabolism","Creatine kinase"
"R_CKe","Arginine and proline metabolism","Creatine kinase"
"R_Cl_OH1tex","Transport, extracellular","Chloride transport via hydroxide countertransport (1:1)"
"R_Cl_PItex","Transport, extracellular","Transport of phosphate via chloride antiport"
"R_ClFORtex2","Transport, extracellular","Chloride transport via formate countertransport (2:1)"
"R_ClHCO3tex2","Transport, extracellular","Chloride transport via bicarbonate countertransport (2:1)"
"R_ClOHtex2","Transport, extracellular","Chloride transport via hydroxide countertransport (2:1)"
"R_ClOXAtex2","Transport, extracellular","Chloride transport via oxalate countertransport (2:1)"
"R_Clt","Transport, extracellular","Transport of chloride via ion channels"
"R_CMPACNAGA1","Glycosphingolipid biosynthesis - ganglio series","CMP-N-acetylneuraminate-beta-galactosamide-alpha-2,3-sialyltransferase"
"R_CMPACNAGALBSD","Glycosphingolipid biosynthesis - globo and isoglobo series","CMP-N-acetylneuraminate-beta-galactosamide-alpha-2,3-sialyltransferase"
"R_CMPACNAGD1B","Glycosphingolipid biosynthesis - ganglio series","CMP-N-acetylneuraminate-beta-galactosamide-alpha-2,3-sialyltransferase"
"R_CMPACNAGM1","Glycosphingolipid biosynthesis - ganglio series","CMP-N-acetylneuraminate-beta-galactosamide-alpha-2,3-sialyltransferase"
"R_CMPINSPT","Nucleotide metabolism","Nucleoside phosphotransferase (CMP:Inosine)"
"R_CO2t","Transport, extracellular","Transport of CO2"
"R_COBALT2_2HCO3t","Transport, extracellular","Cobalt (II):bicarbonate symport (1:2)"
"R_COBALT2DMT1t","Transport, extracellular","Cobalt (II) transport via H+ symport (1:1)"
"R_COBALT2te","Transport, extracellular","Cobalt (II) export"
"R_COt","Transport, extracellular","Transport of carbon monoxide via diffusion"
"R_CPPP1ABCte","Transport, extracellular","ATP-binding Cassette (ABC) export of coproporphyrin I"
"R_CPPP3ABCte","Transport, extracellular","ATP-binding Cassette (ABC) export of coproporphyrin III"
"R_CPPP3te","Transport, extracellular","Transport of coproporphyrin III"
"R_CPPPG1OX","Porphyrin metabolism","Oxidation of Coproporphyrinogen I"
"R_CPPPG3ABCte","Transport, extracellular","ATP-binding Cassette (ABC) export of coproporphyrinogen III"
"R_CPPPG3OX","Porphyrin metabolism","Oxidation of Coproporphyrinogen III"
"R_CREAT2NaClt","Transport, extracellular","Creatine transport via sodium and chloride symport"
"R_CREATt","Transport, extracellular","Transport of creatine transport via diffusion"
"R_CRMte","Transport, extracellular","Transport of ceramide"
"R_CRNAT_10_0","Carnitine shuttle (cytosolic)","Carnitine acyltransferase (CoA 10:0)"
"R_CRNAT_10_2E","Fatty acid oxidation","Carnitine acyltransferase ((2E)-decenoyl-CoA, CoA 10:1(2E))"
"R_CRNAT_10_2E6Z","Fatty acid oxidation","Carnitine acyltransferase ((2E, 6Z)-decanedioyl-CoA, CoA 10:2;O2)"
"R_CRNAT_10_3OH_S","Fatty acid oxidation","Carnitine acyltransferase (CoA 10:0;O)"
"R_CRNAT_10_DC","Fatty acid oxidation","Carnitine acyltransferase (Sebacoyl-CoA, CoA 10:1;O2)"
"R_CRNAT_11_0","Carnitine shuttle (cytosolic)","Carnitine acyltransferase (CoA 11:0)"
"R_CRNAT_11_4M8M_c","Fatty acid oxidation","Carnitine acyltransferase (4,8-dimethylnonanoyl-CoA, CoA 11:0)"
"R_CRNAT_12_0","Carnitine shuttle (cytosolic)","Carnitine acyltransferase (CoA 12:0)"
"R_CRNAT_12_2E","Fatty acid oxidation","Carnitine acyltransferase ((2E)-dodecenoyl-CoA, CoA 12:1)"
"R_CRNAT_12_3OH_S","Fatty acid oxidation","Carnitine acyltransferase (CoA 12:0;O)"
"R_CRNAT_12_DC","Fatty acid oxidation","Carnitine acyltransferase (Dodecanedioyl-CoA, CoA 12:1;O2)"
"R_CRNAT_13_0","Carnitine shuttle (cytosolic)","Carnitine acyltransferase (CoA 13:0)"
"R_CRNAT_14_0","Carnitine shuttle (cytosolic)","Carnitine acyltransferase (CoA 14:0)"
"R_CRNAT_14_2E","Fatty acid oxidation","Carnitine acyltransferase ((2E)-tetradecenoyl-CoA, CoA 14:1(2E))"
"R_CRNAT_14_3OH_S","Fatty acid oxidation","Carnitine acyltransferase (CoA 14:0;O)"
"R_CRNAT_14_5E8Z","Fatty acid oxidation","Carnitine acyltransferase ((5E,8Z)-tetradecadienoyl-CoA, CoA 14:2(5E,8Z))"
"R_CRNAT_14_5E8Z3OH_S","Fatty acid oxidation","Carnitine acyltransferase (3(S)-hydroxy-(5E,8Z)-tetranedioyl-CoA, CoA 14:2;O)"
"R_CRNAT_14_5Z","Carnitine shuttle (cytosolic)","Carnitine acyltransferase (CoA 14:1(5Z))"
"R_CRNAT_14_7Z","Carnitine shuttle (cytosolic)","Carnitine acyltransferase (CoA 14:1(7Z))"
"R_CRNAT_14_7Z3OH_S","Fatty acid oxidation","Carnitine acyltransferase (CoA 14:1(7Z);O)"
"R_CRNAT_14_9Z","Carnitine shuttle (cytosolic)","Carnitine acyltransferase (CoA 14:1(9Z))"
"R_CRNAT_15_0","Carnitine shuttle (cytosolic)","Carnitine acyltransferase (CoA 15:0)"
"R_CRNAT_16_0","Carnitine shuttle (cytosolic)","Carnitine acyltransferase (CoA 16:0)"
"R_CRNAT_16_2E","Fatty acid oxidation","Carnitine acyltransferase ((2E)-hexadecenoyl-CoA, CoA 16:1(2E))"
"R_CRNAT_16_3OH_S","Fatty acid oxidation","Carnitine acyltransferase (CoA 16:0;O)"
"R_CRNAT_16_7E10Z3OH_S","Fatty acid oxidation","Carnitine acyltransferase (3(S)-hydroxy-(7E,10Z)-hexadecadienoyl-CoA, CoA 16:2;O)"
"R_CRNAT_16_7Z","Carnitine shuttle (cytosolic)","Carnitine acyltransferase (CoA 16:1(7Z))"
"R_CRNAT_16_9Z","Carnitine shuttle (cytosolic)","Carnitine acyltransferase (CoA 16:1(9Z))"
"R_CRNAT_16_9Z3OH_S","Fatty acid oxidation","Carnitine acyltransferase (CoA 16:1(9Z);O)"
"R_CRNAT_16_DC","Fatty acid oxidation","Carnitine acyltransferase (Hexadecanedioyl-CoA, CoA 16:1;O2)"
"R_CRNAT_17_0","Carnitine shuttle (cytosolic)","Carnitine acyltransferase (CoA 17:0)"
"R_CRNAT_17_10Z","Carnitine shuttle (cytosolic)","Carnitine acyltransferase (CoA 17:1(10Z))"
"R_CRNAT_17_9Z","Carnitine shuttle (cytosolic)","Carnitine acyltransferase (CoA 17:1(9Z))"
"R_CRNAT_18_0","Carnitine shuttle (cytosolic)","Carnitine acyltransferase (CoA 18:0)"
"R_CRNAT_18_11Z","Carnitine shuttle (cytosolic)","Carnitine acyltransferase (CoA 18:1(11Z))"
"R_CRNAT_18_13Z","Carnitine shuttle (cytosolic)","Carnitine acyltransferase (CoA 18:1(13Z))"
"R_CRNAT_18_2E","Fatty acid oxidation","Carnitine acyltransferase ((2E)-octadecenoyl-CoA, CoA 18:1(2E))"
"R_CRNAT_18_3OH_S","Fatty acid oxidation","Carnitine acyltransferase (CoA 18:0;O)"
"R_CRNAT_18_6Z9Z","Carnitine shuttle (cytosolic)","Carnitine acyltransferase (CoA 18:2(6Z,9Z))"
"R_CRNAT_18_6Z9Z12Z","Carnitine shuttle (cytosolic)","Carnitine acyltransferase (CoA 18:3(6Z, 9Z,12Z))"
"R_CRNAT_18_6Z9Z12Z15Z","Carnitine shuttle (cytosolic)","Carnitine acyltransferase (CoA 18:4(6Z,9Z,12Z,15Z))"
"R_CRNAT_18_7Z","Carnitine shuttle (cytosolic)","Carnitine acyltransferase (CoA 18:1(7Z))"
"R_CRNAT_18_9E","Carnitine shuttle (cytosolic)","Carnitine acyltransferase (CoA 18:1(9E))"
"R_CRNAT_18_9Z","Carnitine shuttle (cytosolic)","Carnitine acyltransferase (CoA 18:1(9Z))"
"R_CRNAT_18_9Z12Z","Carnitine shuttle (cytosolic)","Carnitine acyltransferase (CoA 18:2(9Z,12Z))"
"R_CRNAT_18_9Z12Z15Z","Carnitine shuttle (cytosolic)","Carnitine acyltransferase (CoA 18:3(9Z,12Z,15Z))"
"R_CRNAT_18_9Z12Z3OH_S","Fatty acid oxidation","Carnitine acyltransferase (CoA 18:2(9Z,12Z);O)"
"R_CRNAT_18_9Z3OH_S","Fatty acid oxidation","Carnitine acyltransferase (CoA 18:1(9Z);O)"
"R_CRNAT_19_0","Carnitine shuttle (cytosolic)","Carnitine acyltransferase (CoA 19:0)"
"R_CRNAT_2_0","Carnitine shuttle (cytosolic)","Carnitine acyltransferase (CoA 2:0)"
"R_CRNAT_20_0","Carnitine shuttle (cytosolic)","Carnitine acyltransferase (CoA 20:0)"
"R_CRNAT_20_11Z","Carnitine shuttle (cytosolic)","Carnitine acyltransferase (CoA 20:1(11Z))"
"R_CRNAT_20_11Z14Z","Carnitine shuttle (cytosolic)","Carnitine acyltransferase (CoA 20:2(11Z,14Z))"
"R_CRNAT_20_11Z14Z17Z","Carnitine shuttle (cytosolic)","Carnitine acyltransferase (CoA 20:3(11Z,14Z,17Z))"
"R_CRNAT_20_13Z","Carnitine shuttle (cytosolic)","Carnitine acyltransferase (CoA 20:1(13Z))"
"R_CRNAT_20_5Z8Z11Z","Carnitine shuttle (cytosolic)","Carnitine acyltransferase (CoA 20:3(5Z,8Z,11Z))"
"R_CRNAT_20_5Z8Z11Z14Z","Carnitine shuttle (cytosolic)","Carnitine acyltransferase (CoA 20:4(5Z,8Z,11Z,14Z))"
"R_CRNAT_20_5Z8Z11Z14Z17Z","Carnitine shuttle (cytosolic)","Carnitine acyltransferase (CoA 20:5(5Z,8Z,11Z,14Z,17Z))"
"R_CRNAT_20_8Z11Z","Carnitine shuttle (cytosolic)","Carnitine acyltransferase (CoA 20:2(8Z,11Z))"
"R_CRNAT_20_8Z11Z14Z","Carnitine shuttle (cytosolic)","Carnitine acyltransferase (CoA 20:3(8Z,11Z,14Z))"
"R_CRNAT_20_8Z11Z14Z17Z","Carnitine shuttle (cytosolic)","Carnitine acyltransferase (CoA 20:4(8Z,11Z,14Z,17Z))"
"R_CRNAT_20_9Z","Carnitine shuttle (cytosolic)","Carnitine acyltransferase (CoA 20:1(9Z))"
"R_CRNAT_21_0","Carnitine shuttle (cytosolic)","Carnitine acyltransferase (CoA 21:0)"
"R_CRNAT_22_0","Carnitine shuttle (cytosolic)","Carnitine acyltransferase (CoA 22:0)"
"R_CRNAT_22_10Z13Z16Z","Carnitine shuttle (cytosolic)","Carnitine acyltransferase (CoA 22:3(10Z,13Z,16Z))"
"R_CRNAT_22_10Z13Z16Z19Z","Carnitine shuttle (cytosolic)","Carnitine acyltransferase (CoA 22:4(10Z,13Z,16Z,19Z))"
"R_CRNAT_22_11Z","Carnitine shuttle (cytosolic)","Carnitine acyltransferase (CoA 22:1(11Z))"
"R_CRNAT_22_13Z","Carnitine shuttle (cytosolic)","Carnitine acyltransferase (CoA 22:1(13Z))"
"R_CRNAT_22_13Z16Z","Carnitine shuttle (cytosolic)","Carnitine acyltransferase (CoA 22:2(13Z,16Z))"
"R_CRNAT_22_13Z16Z19Z","Carnitine shuttle (cytosolic)","Carnitine acyltransferase (CoA 22:3(13Z,16Z,19Z))"
"R_CRNAT_22_4Z7Z10Z13Z16Z","Carnitine shuttle (cytosolic)","Carnitine acyltransferase (CoA 22:5(4Z,7Z,10Z,13Z,16Z))"
"R_CRNAT_22_4Z7Z10Z13Z16Z19Z","Carnitine shuttle (cytosolic)","Carnitine acyltransferase (CoA 22:6(4Z,7Z,10Z,13Z,16Z,19Z))"
"R_CRNAT_22_7Z10Z13Z16Z","Carnitine shuttle (cytosolic)","Carnitine acyltransferase (CoA 22:4(7Z,10Z,13Z,16Z))"
"R_CRNAT_22_7Z10Z13Z16Z19Z","Carnitine shuttle (cytosolic)","Carnitine acyltransferase (CoA 22:5(7Z,10Z,13Z,16Z,19Z))"
"R_CRNAT_23_0","Carnitine shuttle (cytosolic)","Carnitine acyltransferase (CoA 23:0)"
"R_CRNAT_24_0","Carnitine shuttle (cytosolic)","Carnitine acyltransferase (CoA 24:0)"
"R_CRNAT_24_12Z15Z18Z21Z","Carnitine shuttle (cytosolic)","Carnitine acyltransferase (CoA 24:4(12Z,15Z,18Z,21Z))"
"R_CRNAT_24_15Z","Carnitine shuttle (cytosolic)","Carnitine acyltransferase (CoA 24:1(15Z))"
"R_CRNAT_24_6Z9Z12Z15Z18Z","Carnitine shuttle (cytosolic)","Carnitine acyltransferase (CoA 24:5(6Z,9Z,12Z,15Z,18Z))"
"R_CRNAT_24_6Z9Z12Z15Z18Z21Z","Carnitine shuttle (cytosolic)","Carnitine acyltransferase (CoA 24:6(6Z,9Z,12Z,15Z,18Z,21Z))"
"R_CRNAT_24_9Z12Z15Z18Z","Carnitine shuttle (cytosolic)","Carnitine acyltransferase (CoA 24:4(9Z,12Z,15Z,18Z))"
"R_CRNAT_24_9Z12Z15Z18Z21Z","Carnitine shuttle (cytosolic)","Carnitine acyltransferase (CoA 24:5(9Z,12Z,15Z,18Z,21Z))"
"R_CRNAT_26_0","Carnitine shuttle (cytosolic)","Carnitine acyltransferase (CoA 26:0)"
"R_CRNAT_26_17Z","Carnitine shuttle (cytosolic)","Carnitine acyltransferase (CoA 26:1(17Z))"
"R_CRNAT_3_0","Carnitine shuttle (cytosolic)","Carnitine acyltransferase (CoA 3:0)"
"R_CRNAT_3_2E","Fatty acid oxidation","Carnitine acyltransferase ((2E)-propenoyl-CoA, CoA 3:1(2E))"
"R_CRNAT_3_3OH_S","Fatty acid oxidation","Carnitine acyltransferase (CoA 3:0;O)"
"R_CRNAT_3_DC","Fatty acid oxidation","Carnitine acyltransferase (Malonyl-CoA, CoA 3:1;O2)"
"R_CRNAT_4_0","Carnitine shuttle (cytosolic)","Carnitine acyltransferase (CoA 4:0)"
"R_CRNAT_4_2E","Fatty acid oxidation","Carnitine acyltransferase ((2E)-butenoyl-CoA, CoA 4:1(2E))"
"R_CRNAT_4_2M","Fatty acid oxidation","Carnitine acyltransferase (2-methylpropanoyl-CoA, CoA 4:0)"
"R_CRNAT_4_3OH_R","Fatty acid oxidation","Carnitine acyltransferase (CoA 4:0;O)"
"R_CRNAT_4_DC","Fatty acid oxidation","Carnitine acyltransferase (Succinyl-CoA, CoA 4:1;O2)"
"R_CRNAT_5_0","Carnitine shuttle (cytosolic)","Carnitine acyltransferase (CoA 5:0)"
"R_CRNAT_5_2EDC","Fatty acid oxidation","Carnitine acyltransferase (Glutaconyl-CoA, CoA 5:2;O2)"
"R_CRNAT_5_2M","Fatty acid oxidation","Carnitine acyltransferase (2-methylbutanoyl-CoA, CoA 5:0)"
"R_CRNAT_5_2M2E","Fatty acid oxidation","Carnitine acyltransferase (2-methyl-(2E)-butenoyl-CoA, CoA 5:1)"
"R_CRNAT_5_3M3OH__S","Fatty acid oxidation","Carnitine acyltransferase (3-hydroxy-3-methylbutanoyl-CoA, CoA 5:0)"
"R_CRNAT_5_DC","Fatty acid oxidation","Carnitine acyltransferase (Glutaryl-CoA, CoA 5:1;O2)"
"R_CRNAT_6_0","Carnitine shuttle (cytosolic)","Carnitine acyltransferase (CoA 6:0)"
"R_CRNAT_6_2E","Fatty acid oxidation","Carnitine acyltransferase ((2E)-hexenoyl-CoA, CoA 6:1(2E))"
"R_CRNAT_6_3OH_S","Fatty acid oxidation","Carnitine acyltransferase (CoA 6:0;O)"
"R_CRNAT_6_DC","Fatty acid oxidation","Carnitine acyltransferase (Adipoyl-CoA, CoA 6:1;O2)"
"R_CRNAT_7_0","Carnitine shuttle (cytosolic)","Carnitine acyltransferase (CoA 7:0)"
"R_CRNAT_7_3OH_S","Fatty acid oxidation","Carnitine acyltransferase (CoA 7:0;O)"
"R_CRNAT_7_DC","Fatty acid oxidation","Carnitine acyltransferase (Pimeloyl-CoA, CoA 7:1;O2)"
"R_CRNAT_8_0","Carnitine shuttle (cytosolic)","Carnitine acyltransferase (CoA 8:0)"
"R_CRNAT_8_2E","Fatty acid oxidation","Carnitine acyltransferase ((2E)-octenoyl-CoA, CoA 8:1(2E))"
"R_CRNAT_8_3OH_S","Fatty acid oxidation","Carnitine acyltransferase (CoA 8:0;O)"
"R_CRNAT_8_DC","Fatty acid oxidation","Carnitine acyltransferase (Suberyl-CoA, CoA 8:1;O2)"
"R_CRNAT_9_0","Carnitine shuttle (cytosolic)","Carnitine acyltransferase (CoA 9:0)"
"R_CRNAT_9_2M6M_c","Fatty acid oxidation","Carnitine acyltransferase (2,6-dimethylheptanoyl-CoA, CoA 9:0)"
"R_CRNAT_9_3OH_S","Fatty acid oxidation","Carnitine acyltransferase (CoA 9:0;O)"
"R_CRNt","Transport, extracellular","Transport of L-carnitine"
"R_CRNtuNa","Transport, extracellular","Transport of L-carnitine via sodium symport"
"R_CRTNP","Arginine and proline metabolism","Creatine phosphatase"
"R_CRTNPe","Arginine and proline metabolism","Creatine phosphatase"
"R_CRTNt","Transport, extracellular","Transport of creatinine via diffusion"
"R_CRTSLRy","Steroid metabolism","Cortisol reductase"
"R_CRTSLt","Transport, extracellular","Transport of cortisol"
"R_CRTSTRNRy","Steroid metabolism","Corticosterone reductase"
"R_CRTSTRNt","Transport, extracellular","Transport of corticosterone"
"R_CRVNC1011MOXy","Docosahexaenoic acid metabolism","Cytochromes P450:NADPH monooxygenase (docosahexaenoate, 10,11-HDHA forming)"
"R_CRVNC1314MOXy","Docosahexaenoic acid metabolism","Cytochromes P450:NADPH monooxygenase (docosahexaenoate, 13,14-HDHA forming)"
"R_CRVNC1617MOXy","Docosahexaenoic acid metabolism","Cytochromes P450:NADPH monooxygenase (docosahexaenoate, 16,17-HDHA forming)"
"R_CRVNC1920MOXy","Docosahexaenoic acid metabolism","Cytochromes P450:NADPH monooxygenase (docosahexaenoate, 19,20-HDHA forming)"
"R_CRVNC78MOXy","Docosahexaenoic acid metabolism","Cytochromes P450:NADPH monooxygenase (docosahexaenoate, 7,8-HDHA forming)"
"R_CRVNCDRO2P","Docosahexaenoic acid metabolism","Propogation of docosahexaenoate radical to peroxyl radical"
"R_CRVNCOHRI","Docosahexaenoic acid metabolism","Initiation of docosahexaenoate radical via hydroxyl radical"
"R_CRVNCROO10AVITE1RT","Docosahexaenoic acid metabolism","Termination of docosahexaenoate peroxyl radical via alpha-tocopherol radical (10-HPDHA forming)"
"R_CRVNCROO10AVITE1T","Docosahexaenoic acid metabolism","Termination of docosahexaenoate peroxyl radical via alpha-tocopherol (10-HPDHA forming)"
"R_CRVNCROO11AVITE1RT","Docosahexaenoic acid metabolism","Termination of docosahexaenoate peroxyl radical via alpha-tocopherol radical (11-HPDHA forming)"
"R_CRVNCROO11AVITE1T","Docosahexaenoic acid metabolism","Termination of docosahexaenoate peroxyl radical via alpha-tocopherol (11-HPDHA forming)"
"R_CRVNCROO13AVITE1RT","Docosahexaenoic acid metabolism","Termination of docosahexaenoate peroxyl radical via alpha-tocopherol radical (13-HPDHA forming)"
"R_CRVNCROO13AVITE1T","Docosahexaenoic acid metabolism","Termination of docosahexaenoate peroxyl radical via alpha-tocopherol (13-HPDHA forming)"
"R_CRVNCROO14AVITE1RT","Docosahexaenoic acid metabolism","Termination of docosahexaenoate peroxyl radical via alpha-tocopherol radical (14-HPDHA forming)"
"R_CRVNCROO14AVITE1T","Docosahexaenoic acid metabolism","Termination of docosahexaenoate peroxyl radical via alpha-tocopherol (14-HPDHA forming)"
"R_CRVNCROO16AVITE1RT","Docosahexaenoic acid metabolism","Termination of docosahexaenoate peroxyl radical via alpha-tocopherol radical (16-HPDHA forming)"
"R_CRVNCROO16AVITE1T","Docosahexaenoic acid metabolism","Termination of docosahexaenoate peroxyl radical via alpha-tocopherol (16-HPDHA forming)"
"R_CRVNCROO17AVITE1RT","Docosahexaenoic acid metabolism","Termination of docosahexaenoate peroxyl radical via alpha-tocopherol radical (17-HPDHA forming)"
"R_CRVNCROO17AVITE1T","Docosahexaenoic acid metabolism","Termination of docosahexaenoate peroxyl radical via alpha-tocopherol (17-HPDHA forming)"
"R_CRVNCROO20AVITE1RT","Docosahexaenoic acid metabolism","Termination of docosahexaenoate peroxyl radical via alpha-tocopherol radical (20-HPDHA forming)"
"R_CRVNCROO20AVITE1T","Docosahexaenoic acid metabolism","Termination of docosahexaenoate peroxyl radical via alpha-tocopherol (20-HPDHA forming)"
"R_CRVNCROO4AVITE1RT","Docosahexaenoic acid metabolism","Termination of docosahexaenoate peroxyl radical via alpha-tocopherol radical (4-HPDHA forming)"
"R_CRVNCROO4AVITE1T","Docosahexaenoic acid metabolism","Termination of docosahexaenoate peroxyl radical via alpha-tocopherol (4-HPDHA forming)"
"R_CRVNCROO7AVITE1RT","Docosahexaenoic acid metabolism","Termination of docosahexaenoate peroxyl radical via alpha-tocopherol radical (7-HPDHA forming)"
"R_CRVNCROO7AVITE1T","Docosahexaenoic acid metabolism","Termination of docosahexaenoate peroxyl radical via alpha-tocopherol (7-HPDHA forming)"
"R_CRVNCROO8AVITE1RT","Docosahexaenoic acid metabolism","Termination of docosahexaenoate peroxyl radical via alpha-tocopherol radical (8-HPDHA forming)"
"R_CRVNCROO8AVITE1T","Docosahexaenoic acid metabolism","Termination of docosahexaenoate peroxyl radical via alpha-tocopherol (8-HPDHA forming)"
"R_CSND","Pyrimidine metabolism","Cytosine deaminase"
"R_CTPS1","Pyrimidine metabolism","CTP synthase (ammonia)"
"R_CTPS2","Pyrimidine metabolism","CTP synthase (glutamine)"
"R_CU1ABCte","Transport, extracellular","ATP-binding Cassette (ABC) export of Copper (1+)"
"R_CU1H2O2X","Reactive species formation and detoxification","Oxidation of copper (I) via hydrogen peroxide"
"R_CU1H2O2Xe","Reactive species formation and detoxification","Oxidation of copper (I) via hydrogen peroxide"
"R_CU1O2OX","Reactive species formation and detoxification","Oxidation of copper (I) via O2"
"R_CU1O2OXe","Reactive species formation and detoxification","Oxidation of copper (I) via O2"
"R_CU1tec","Transport, extracellular","Copper (1+) transport via facilitated diffusion"
"R_CU2RD","Reactive species formation and detoxification","Copper(II):NADP+ oxidoreductase"
"R_CYS_Cltex","Transport, extracellular","Cysteine transport  via chloride antiport"
"R_CYSADMARGNaEx","Transport, extracellular","L-cysteine/Asymmetric N(omega),N(omega)-dimethyl-L-arginine Na-dependent exchange (Cys-L in)"
"R_CYSALANaEx","Transport, extracellular","L-cysteine/L-alanine Na-dependent exchange (Cys-L in)"
"R_CYSAMO","Cysteine and methionine metabolism","2-aminoethanethiol dioxygenase"
"R_CYSARGNaEx","Transport, extracellular","L-cysteine/L-arginine Na-dependent exchange (Cys-L in)"
"R_CYSCITRNaEx","Transport, extracellular","L-cysteine/L-citrulline Na-dependent exchange (Cys-L in)"
"R_CYSGLNex","Transport, extracellular","L-cysteine/L-glutamine exchange"
"R_CYSGLTH","Cysteine and methionine metabolism","Glutathione:L-cystine oxidoreductase"
"R_CYSGLYex","Transport, extracellular","L-cysteine/Glycine exchange"
"R_CYSIL2","Cysteine and methionine metabolism","L-cystine thiocysteine-lyase (deaminating; pyruvate-forming)"
"R_CYSILEex","Transport, extracellular","L-cysteine/L-isoleucine exchange"
"R_CYSIt","Transport, extracellular","L-cystine transport via facilitated diffusion (extracellular to cytosol)"
"R_CYSL2","Cysteine and methionine metabolism","L-cysteine sulfide-lyase (deaminating; pyruvate-forming)"
"R_CYSLNET","Cysteine and methionine metabolism","L-cysteine sulfide-lyase (deaminating; pyruvate-forming)"
"R_CYSLYSNaEx","Transport, extracellular","L-cysteine/L-arginine Na-dependent exchange (Cys-L in)"
"R_CYSMETex","Transport, extracellular","L-cysteine/L-methionine exchange"
"R_CYSMMARGNaEx","Transport, extracellular","L-cysteine/N(omega)-methyl-L-arginine Na-dependent exchange (Cys-L in)"
"R_CYSO","Cysteine and methionine metabolism","Cysteine dioxygenase"
"R_CYSORNNaEx","Transport, extracellular","L-cysteine/L-ornithine Na-dependent exchange (Cys-L in)"
"R_CYSPHEex","Transport, extracellular","L-cysteine/L-phenylalanine exchange"
"R_CYSPROex","Transport, extracellular","L-cysteine/L-proline exchange"
"R_CYSSERex","Transport, extracellular","L-cysteine/L-serine exchange"
"R_CYSSERNaEx","Transport, extracellular","L-cysteine/L-serine Na-dependent exchange (Cys-L in)"
"R_CYSTA","Cysteine and methionine metabolism","Cysteine transaminase"
"R_CYStec","Transport, extracellular","L-cysteine transport via facilitated diffusion (extracellular to cytosol)"
"R_CYSTHRex","Transport, extracellular","L-cysteine/L-threonine exchange"
"R_CYSTHRNaEx","Transport, extracellular","L-cysteine/L-threonine Na-dependent exchange (Cys-L in)"
"R_CYSTL1","Cysteine and methionine metabolism","L-cystathionine cysteine-lyase"
"R_CYSTL2","Selenocompound metabolism","L-cystathionine cysteine-lyase"
"R_CYSTRDX","Cysteine and methionine metabolism","Thioredoxin:L-cystine oxidoreductase"
"R_CYSTRPex","Transport, extracellular","L-cysteine/L-tyrptophan exchange"
"R_CYSTRS","Aminoacyl-tRNA biosynthesis","L-Cysteine:tRNA(Cys) ligase (AMP-forming)"
"R_CYSTS","Cysteine and methionine metabolism","L-cystathionine beta synthase"
"R_CYSTYRex","Transport, extracellular","L-cysteine/L-tyrosine exchange"
"R_CYSVALex","Transport, extracellular","L-cysteine/L-valine exchange"
"R_CYTB5ASCBR","Ascorbate and aldarate metabolism","Monodehydroascorbate reductase (NADH)"
"R_CYTBFADSD5_20_8Z11Z14Z","Fatty acid desaturation (even-chain)","Acyl-CoA (8-3)-desaturase (CoA 20:3(8Z,11Z,14Z))"
"R_CYTBFADSD5_20_8Z11Z14Z17Z","Fatty acid desaturation (even-chain)","Acyl-CoA (8-3)-desaturase (CoA 20:4(8Z,11Z,14Z, 17Z))"
"R_CYTBFADSD6_18_9Z","Fatty acid desaturation (even-chain)","Acyl-CoA 6-desaturase (CoA 18:1(9Z))"
"R_CYTBFADSD6_18_9Z12Z","Fatty acid desaturation (even-chain)","Acyl-CoA 6-desaturase (CoA 18:2(9Z,12Z))"
"R_CYTBFADSD6_18_9Z12Z15Z","Fatty acid desaturation (even-chain)","Acyl-CoA 6-desaturase (CoA 18:3(9Z,12Z,15Z))"
"R_CYTBFADSD6_20_11Z14Z","Fatty acid desaturation (even-chain)","Acyl-CoA 6-desaturase (CoA 20:2(11Z,14Z))"
"R_CYTBFADSD6_20_11Z14Z17Z","Fatty acid desaturation (even-chain)","Acyl-CoA 6-desaturase (CoA 20:3(11Z,14Z,17Z))"
"R_CYTBFADSD9_16_0","Fatty acid desaturation (even-chain)","Stearoyl-CoA desaturase (CoA 16:0)"
"R_CYTBFADSD9_18_0","Fatty acid desaturation (even-chain)","Stearoyl-CoA desaturase (CoA 18:0)"
"R_CYTD","Pyrimidine metabolism","Cytidine deaminase"
"R_CYTDt","Transport, extracellular","Cytidine transport via facilitated diffusion"
"R_CYTK1","Nucleotide metabolism","Cytidylate kinase (ATP:CMP)"
"R_CYTK13","Nucleotide metabolism","Cytidylate kinase (dATP:dCMP)"
"R_CYTK2","Nucleotide metabolism","Cytidylate kinase (ATP:dCMP)"
"R_CYTK8","Nucleotide metabolism","Cytidylate kinase (dATP:CMP)"
"R_D_LACt2","Transport, extracellular","D-lactate transport via proton symport"
"R_D5FURADy","5-fluorouracil metabolism","5,6-dihydro-5-fluorouracil:NADP + 5-oxidoreductase"
"R_DADA","Purine metabolism","Deoxyadenosine deaminase"
"R_DADK1","Purine metabolism","Adenylate kinase (dAMP:ATP)"
"R_DADK3","Nucleotide metabolism","Adenylate kinase (dAMP:GTP)"
"R_DADK4","Nucleotide metabolism","Adenylate kinase (dAMP:ITP)"
"R_DADK5","Nucleotide metabolism","Adenylate kinase (dAMP:CTP)"
"R_DADK6","Nucleotide metabolism","Adenylate kinase (dAMP:UTP)"
"R_DADK7","Thiamine metabolism","dADP:thiamin-diphosphate phosphotransferase"
"R_DADNK1","Purine metabolism","Deoxyadenosine kinase"
"R_DAGK","Glycerolipid metabolism","Diacylglycerol phosphate (DG) kinase"
"R_DAGL1","Glycerolipid metabolism","Diacylglycerol (DG) lipase"
"R_DAGL2","Glycerolipid metabolism","Diacylglycerol (DG) lipase"
"R_DAGOACAH","Glycerolipid metabolism","Alkylacylglycerol (DG O-) acetylhydrolase"
"R_DAGOACK","Glycerolipid metabolism","Alkylacetylglycerol (DG O-) kinase"
"R_DAGOK","Glycerolipid metabolism","Alkylacylglycerol (DG O-) kinase"
"R_DAMPNH","Nucleotide metabolism","2'-deoxynucleoside 5'-phosphate N-hydrolase (dAMP)"
"R_DASCBH","Ascorbate and aldarate metabolism","Degradation of L-Dehydroascorbate"
"R_DCMPCYTDPT","Pyrimidine metabolism","Nucleoside phosphotransferase (dCMP:Cytidine)"
"R_DCMPNH","Nucleotide metabolism","2'-deoxynucleoside 5'-phosphate N-hydrolase (dCMP)"
"R_DCMPURIPT","Pyrimidine metabolism","Nucleoside phosphotransferase (dCMP:Uridine)"
"R_DCT","Phenylalanine, tyrosine and tryptophan metabolism","L-dopachrome tautomerase"
"R_DGAT","Glycerolipid metabolism","Diacylglycerol (DG) acyltransferase"
"R_DGCHOGTHABCte","Transport, extracellular","ATP-binding Cassette (ABC) export of glycochenodeoxycholate with glutathione cotransport"
"R_DGCHOLte","Transport, extracellular","Transport of glycochenodeoxycholate"
"R_DGK1","Purine metabolism","Guanylate kinase (ATP:dGMP)"
"R_DGK2","Purine metabolism","Guanylate kinase (dATP:dGMP)"
"R_DGMPGSNPT","Purine metabolism","Nucleoside phosphotransferase (dGMP:Guanosine)"
"R_DGMPINSPT","Purine metabolism","Nucleoside phosphotransferase (dGMP:Inosine)"
"R_DGMPNH","Nucleotide metabolism","2'-deoxynucleoside 5'-phosphate N-hydrolase (dGMP)"
"R_DGSHAMID","Glutathione metabolism","Deaminated glutathione amidase"
"R_DGULND","Pentose and glucuronate interconversions","Dehydro-L-gulonate decarboxylase"
"R_DHAAt1r","Transport, extracellular","Transport of L-dehydroascorbate via facilitated diffusion"
"R_DHAK","Glycerolipid metabolism","Dihydroxyacetone kinase"
"R_DHAt","Transport, extracellular","Transport of dihydroxyacetone"
"R_DHBPTT","Biopterin metabolism","Nonenzymatic formation of 7,8-dihydrobiopterin"
"R_DHEASABCte","Transport, extracellular","ATP-binding Cassette (ABC) export of dehydroepiandrosterone 3-sulfate"
"R_DHEASte","Transport, extracellular","Transport of dehydroepiandrosterone 3-sulfate"
"R_DHET1112te","Transport, extracellular","Transport of 11,12-DHET via diffusion"
"R_DHET1314te","Transport, extracellular","Transport of 14,15-DHET via diffusion"
"R_DHET56te","Transport, extracellular","Transport of 5,6-DHET via diffusion"
"R_DHET89te","Transport, extracellular","Transport of 8,9-DHET via diffusion"
"R_DHFRy","Folate metabolism","Dihydrofolate reductase"
"R_DHLIPTRD","Cysteine and methionine metabolism","Reduction of lipoate via thioredoxin"
"R_DHLIPTt","Transport, extracellular","Transport of dihydrolipoate"
"R_DHNPTte","Transport, extracellular","Transport of dihydroneopterin"
"R_DHORTS","Pyrimidine metabolism","Dihydroorotase"
"R_DHPRx","Biopterin metabolism","6,7-dihydropteridine reductase (NADH)"
"R_DHPRy","Biopterin metabolism","6,7-dihydropteridine reductase (NADPH)"
"R_DHURATEHYD","Purine metabolism","Hydration of dehydrourate"
"R_DIHDPA1011te","Transport, extracellular","Transport of 10,11-EDP via diffusion"
"R_DIHDPA1314te","Transport, extracellular","Transport of 13,14-EDP via diffusion"
"R_DIHDPA1617te","Transport, extracellular","Transport of 16,17-EDP via diffusion"
"R_DIHDPA1920te","Transport, extracellular","Transport of 19,20-EDP via diffusion"
"R_DIHDPA78te","Transport, extracellular","Transport of 7,8-EDP via diffusion"
"R_DIHETE1112te","Transport, extracellular","Transport of 11,12-DiHETE via diffusion"
"R_DIHETE1718te","Transport, extracellular","Transport of 17,18-DiHETE via diffusion"
"R_DIHETE56te","Transport, extracellular","Transport of 5,6-DiHETE via diffusion"
"R_DIHETE78te","Transport, extracellular","Transport of 8,9-DiHETE via diffusion"
"R_DIHETEt1314e","Transport, extracellular","Transport of 14,15-DiHETE via diffusion"
"R_DIHOME910te","Transport, extracellular","Transport of 9(10)-DiHOME via diffusion"
"R_DIHOMEt1213e","Transport, extracellular","Transport of 12(13)-DiHOME via diffusion"
"R_DIIODTHYt2","Transport, extracellular","3,3'-Diiodo-L-thyronine (T2) transport via facilitated diffusion"
"R_DIMPGSNPT","Purine metabolism","Nucleoside phosphotransferase (dIMP:Guanosine)"
"R_DIMPINSPT","Purine metabolism","Nucleoside phosphotransferase (dIMP:Inosine)"
"R_DIMPNH","Nucleotide metabolism","2'-deoxynucleoside 5'-phosphate N-hydrolase (dIMP)"
"R_DLAC_ACACtex","Transport, extracellular","D-lactate/Acetoacetate exchange"
"R_DLAC_ACtex","Transport, extracellular","D-lactate/Acetate exchange"
"R_DLAC_BUTtex","Transport, extracellular","D-lactate/Butyrate exchange"
"R_DLAC_GLYCLTtex","Transport, extracellular","D-lactate/Glycolate exchange"
"R_DLAC_PPAtex","Transport, extracellular","D-lactate/Propanoate exchange"
"R_DLEUtec","Transport, extracellular","Transport of D-leucine"
"R_DMATT","Cholesterol metabolism","Dimethylallyltranstransferase"
"R_DMGDH2y","Glycine, serine and threonine metabolism","Dimethylglycine dehydrogenase"
"R_DNADPL","Nicotinate and nicotinamide metabolism","NAADP nicotinate-lyase (2'-phospho-cyclic-ADP-ribose-forming)"
"R_DNADPLe","Nicotinate and nicotinamide metabolism","NAADP nicotinate-lyase (2'-phospho-cyclic-ADP-ribose-forming)"
"R_DOGULND1","Ascorbate and aldarate metabolism","Decarboxylation  of 2,3-diketo-L-gulonate (L-lyxonate-forming)"
"R_DOGULND2","Ascorbate and aldarate metabolism","Decarboxylation of 2,3-diketo-L-gulonate (L-xylonate-forming)"
"R_DOGULNO1","Ascorbate and aldarate metabolism","Nonenzymatic peroxidation of 2,3-diketo-L-gulonate (L-threonate, oxalate-forming)"
"R_DOGULNO2","Ascorbate and aldarate metabolism","Nonenzymatic hydrolysis  of 2,3-diketo-L-gulonate (L-erythrulose, oxalate forming)"
"R_DOPACHRMDC_D","Phenylalanine, tyrosine and tryptophan metabolism","D-dopachrome decarboxylase"
"R_DOPADC_D","Phenylalanine, tyrosine and tryptophan metabolism","D-dopa decarboxylase"
"R_DOPADC_L","Phenylalanine, tyrosine and tryptophan metabolism","L-dopa decarboxylase"
"R_DOPAGTHABCte","Transport, extracellular","ATP-binding Cassette (ABC) export of 5-S-glutathionyl-L-dopa"
"R_DOPAO2SX_L","Phenylalanine, tyrosine and tryptophan metabolism","Oxidation of L-dopa via superoxide"
"R_DOPAPX_L","Phenylalanine, tyrosine and tryptophan metabolism","Oxidation of L-dopa via hydrogen peroxide"
"R_DOPAQ1ERx_L","Phenylalanine, tyrosine and tryptophan metabolism","L-dopa-o-quinone:NADH reductase (1e-)"
"R_DOPAQ2ERy_L","Phenylalanine, tyrosine and tryptophan metabolism","N-ribosyldihydronicotinamide:L-dopa-o-quinone reductase (2e-)"
"R_DOPAQ2ERz_L","Phenylalanine, tyrosine and tryptophan metabolism","N-ribosyldihydronicotinamide:L-dopa-o-quinone reductase (2e-)"
"R_DOPAQC_L","Phenylalanine, tyrosine and tryptophan metabolism","Cyclicization of L-dopa-o-quinone"
"R_DOPAQGST_L","Phenylalanine, tyrosine and tryptophan metabolism","Glutathione:L-dopa-o-quinone S-transferase"
"R_DOPAQNRE1_L","Phenylalanine, tyrosine and tryptophan metabolism","Redox exchange of L-dopa-o-quinone and L-leucodopachrome"
"R_DOPAQNRE2_L","Phenylalanine, tyrosine and tryptophan metabolism","Redox exchange of L-dopa-o-quinone and 5,6-dihydroxyindole"
"R_DOPASQDP_L","Phenylalanine, tyrosine and tryptophan metabolism","Disproportionation of L-dopa-o-semiquinone"
"R_DOPASQOX_L","Phenylalanine, tyrosine and tryptophan metabolism","Oxidation of L-dopa-o-semiquinone via O2"
"R_DOPHAMID","Glutathione metabolism","Deaminated ophthalmate amidase"
"R_DPAMCHR1ERx","Phenylalanine, tyrosine and tryptophan metabolism","Dopaminochrome:NADH reductase (1e-)"
"R_DPAMCHR2ERy","Phenylalanine, tyrosine and tryptophan metabolism","N-ribosyldihydronicotinamide:dopaminochrome reductase (2e-)"
"R_DPAMCHR2ERz","Phenylalanine, tyrosine and tryptophan metabolism","N-ribosyldihydronicotinamide:dopaminochrome reductase (2e-)"
"R_DPAMCHRGST","Phenylalanine, tyrosine and tryptophan metabolism","Glutathione:dopaminochrome S-transferase"
"R_DPAMCHRSQOX","Phenylalanine, tyrosine and tryptophan metabolism","Oxidation of dopaminochrome-o-semiquinone via O2"
"R_DPAMCHRT","Phenylalanine, tyrosine and tryptophan metabolism","Dopaminochrome tautomerization"
"R_DPAMGTHABCte","Transport, extracellular","ATP-binding Cassette (ABC) export of 5-S-glutathionyl-L-dopamine"
"R_DPAMO2SX_L","Phenylalanine, tyrosine and tryptophan metabolism","Oxidation of L-dopamine via superoxide"
"R_DPAMPX_L","Phenylalanine, tyrosine and tryptophan metabolism","Oxidation of L-dopamine via hydrogen peroxide"
"R_DPAMQ1ERx_L","Phenylalanine, tyrosine and tryptophan metabolism","L-dopamine-o-quinone:NADH reductase (1e-)"
"R_DPAMQ2ERy_L","Phenylalanine, tyrosine and tryptophan metabolism","N-ribosyldihydronicotinamide:L-dopamine-o-quinone reductase (2e-)"
"R_DPAMQ2ERz_L","Phenylalanine, tyrosine and tryptophan metabolism","N-ribosyldihydronicotinamide:L-dopamine-o-quinone reductase (2e-)"
"R_DPAMQC_L","Phenylalanine, tyrosine and tryptophan metabolism","Cyclicization of L-dopamine-o-quinone"
"R_DPAMQGST_L","Phenylalanine, tyrosine and tryptophan metabolism","Glutathione:L-dopamine-o-quinone S-transferase"
"R_DPAMQNRE1_L","Phenylalanine, tyrosine and tryptophan metabolism","Redox exchange of L-dopamine-o-quinone and L-leucodopaminochrome"
"R_DPAMQNRE2_L","Phenylalanine, tyrosine and tryptophan metabolism","Redox exchange of L-dopamine-o-quinone and 5,6-dihydroxyindole"
"R_DPAMSQDP_L","Phenylalanine, tyrosine and tryptophan metabolism","Disproportionation of L-dopamine-o-semiquinone"
"R_DPAMSQOX_L","Phenylalanine, tyrosine and tryptophan metabolism","Oxidation of L-dopamine-o-semiquinone via O2"
"R_DPCHR1ERx_L","Phenylalanine, tyrosine and tryptophan metabolism","L-dopachrome:NADH reductase (1e-)"
"R_DPCHR2ERy_L","Phenylalanine, tyrosine and tryptophan metabolism","N-ribosyldihydronicotinamide:L-dopachrome reductase (2e-)"
"R_DPCHR2ERz_L","Phenylalanine, tyrosine and tryptophan metabolism","N-ribosyldihydronicotinamide:L-dopachrome reductase (2e-)"
"R_DPCHRDC_L","Phenylalanine, tyrosine and tryptophan metabolism","L-dopachrome decarboxylase"
"R_DPCHRGST_L","Phenylalanine, tyrosine and tryptophan metabolism","Glutathione:L-dopachrome S-transferase"
"R_DPCHRSQOX_L","Phenylalanine, tyrosine and tryptophan metabolism","Oxidation of L-dopachrome-o-semiquinone via O2"
"R_DPCOAK","Pantothenate and CoA metabolism","Dephospho-CoA kinase"
"R_DPG3P","Glycolysis / Gluconeogenesis","2,3-bisphosphoglycerate 3-phosphatase"
"R_DPGase","Glycolysis / Gluconeogenesis","2,3-bisphosphoglycerate 2-phosphatase"
"R_DPGM","Glycolysis / Gluconeogenesis","Diphosphoglyceromutase"
"R_DPMVD","Cholesterol metabolism","Diphosphomevalonate decarboxylase"
"R_DRDPP","Renin-angiotensin system","L-aspartyl-L-arginine dipeptidase"
"R_DRPA","Pentose phosphate pathway","Deoxyribose-phosphate aldolase (glyceraldehyde3-phosphate)"
"R_DTHYMy","Pyrimidine metabolism","5,6-dihydrothymine:NADP + oxidoreductase"
"R_DTMPCYTDPT","Nucleotide metabolism","Nucleoside phosphotransferase (dTMP:Cytidine)"
"R_DTMPK1","Pyrimidine metabolism","Thymidylate kinase (ATP:dTMP)"
"R_DTMPK2","Pyrimidine metabolism","Thymidylate kinase (dATP:dTMP)"
"R_DTMPNH","Nucleotide metabolism","2'-deoxynucleoside 5'-phosphate N-hydrolase (dTMP)"
"R_DTMPURIPT","Nucleotide metabolism","Nucleoside phosphotransferase (dTMP:Uridine)"
"R_DUMPCYTDPT","Pyrimidine metabolism","Nucleoside phosphotransferase (dUMP:Cytidine)"
"R_DUMPK1","Nucleotide metabolism","ATP:dUMP phosphotransferase"
"R_DUMPK2","Nucleotide metabolism","dATP:dUMP phosphotransferase"
"R_DUMPNH","Nucleotide metabolism","2'-deoxynucleoside 5'-phosphate N-hydrolase (dUMP)"
"R_DUMPURIPT","Pyrimidine metabolism","Nucleoside phosphotransferase (dUMP:Uridine)"
"R_DURADy","Pyrimidine metabolism","5,6-dihydrouracil:NADP + oxidoreductase"
"R_E14BPP","Glycolysis / Gluconeogenesis","Erroneous formation of 4-phosphoerythronate"
"R_E217BGLCRABCte","Transport, extracellular","ATP-binding Cassette (ABC) export of 17beta-estradiol 17-O-(beta-D-glucuronate)"
"R_E217BGLCRHYD","Pentose and glucuronate interconversions","Beta-glucuronidase"
"R_E217BGLCRte","Transport, extracellular","Transport of 17beta-estradiol 17-O-(beta-D-glucuronate)"
"R_E4PD","Glycolysis / Gluconeogenesis","Erroneous formation of 1,4-bisphosphoerythronate"
"R_E4PP","Pentose and glucuronate interconversions","Erythrose-4-phosphate phosphatase"
"R_EACPR1y","Fatty acid biosynthesis (even-chain)","enoyl-[acyl-carrier-protein] reductase (NADPH, Re-specific)"
"R_EACPR2y","Fatty acid biosynthesis (even-chain)","enoyl-[acyl-carrier-protein] reductase (NADPH, Re-specific)"
"R_EACPR3y","Fatty acid biosynthesis (even-chain)","enoyl-[acyl-carrier-protein] reductase (NADPH, Re-specific)"
"R_EACPR4y","Fatty acid biosynthesis (even-chain)","enoyl-[acyl-carrier-protein] reductase (NADPH, Re-specific)"
"R_EACPR5y","Fatty acid biosynthesis (even-chain)","enoyl-[acyl-carrier-protein] reductase (NADPH, Re-specific)"
"R_EACPR6y","Fatty acid biosynthesis (even-chain)","enoyl-[acyl-carrier-protein] reductase (NADPH, Re-specific)"
"R_EACPR7y","Fatty acid biosynthesis (even-chain)","enoyl-[acyl-carrier-protein] reductase (NADPH, Re-specific)"
"R_EACPR8y","Fatty acid biosynthesis (even-chain)","enoyl-[acyl-carrier-protein] reductase (NADPH, Re-specific)"
"R_EDP1011EPHX","Docosahexaenoic acid metabolism","Epoxide hydrolase (10,11-EDP)"
"R_EDP1011te","Transport, extracellular","Transport of 10,11-EDP via diffusion"
"R_EDP1314EPHX","Docosahexaenoic acid metabolism","Epoxide hydrolase (13,14-EDP)"
"R_EDP1314te","Transport, extracellular","Transport of 13,14-EDP via diffusion"
"R_EDP1617EPHX","Docosahexaenoic acid metabolism","Epoxide hydrolase (16,17-EDP)"
"R_EDP1617te","Transport, extracellular","Transport of 116,17-EDP via diffusion"
"R_EDP1920EPHX","Docosahexaenoic acid metabolism","Epoxide hydrolase (19,20-EDP)"
"R_EDP1920te","Transport, extracellular","Transport of 19,20-EDP via diffusion"
"R_EDP78EPHX","Docosahexaenoic acid metabolism","Epoxide hydrolase (7,8-EDP)"
"R_EDP78te","Transport, extracellular","Transport of 7,8-EDP via diffusion"
"R_EEQ1112EPHX","Eicosapentaenoic acid metabolism","Epoxide hydrolase (11,12-EEQ)"
"R_EEQ1112te","Transport, extracellular","Transport of 11,12-EEQ via diffusion"
"R_EEQ1415EPHX","Eicosapentaenoic acid metabolism","Epoxide hydrolase (14,15-EEQ)"
"R_EEQ1415te","Transport, extracellular","Transport of 14,15-EEQ via diffusion"
"R_EEQ1718EPHX","Eicosapentaenoic acid metabolism","Epoxide hydrolase (17,18-EEQ)"
"R_EEQ1718te","Transport, extracellular","Transport of 17,18-EEQ via diffusion"
"R_EEQ56EPHX","Eicosapentaenoic acid metabolism","Epoxide hydrolase (5,6-EEQ)"
"R_EEQ56te","Transport, extracellular","Transport of 5,6-EEQ via diffusion"
"R_EEQ89EPHX","Eicosapentaenoic acid metabolism","Epoxide hydrolase (8,9-EEQ)"
"R_EEQ89te","Transport, extracellular","Transport of 8,9-EEQ via diffusion"
"R_EET1112EPHX","Arachidonic acid metabolism","Epoxide hydrolase (11,12-EET)"
"R_EET1112te","Transport, extracellular","Transport of 11,12-EET via diffusion"
"R_EET1314EPHX","Arachidonic acid metabolism","Epoxide hydrolase (14,15-EET)"
"R_EET1314te","Transport, extracellular","Transport of 5,6-EET via diffusion"
"R_EET56EPHX","Arachidonic acid metabolism","Epoxide hydrolase (5,6-EET)"
"R_EET56te","Transport, extracellular","Transport of 5,6-EET via diffusion"
"R_EET89EPHX","Arachidonic acid metabolism","Epoxide hydrolase (8,9-EET)"
"R_EET89te","Transport, extracellular","Transport of 8,9-EET via diffusion"
"R_EHGLAT","Arginine and proline metabolism","L-erythro-4-hydroxyglutamate:2-oxoglutarate aminotransferase"
"R_EMCD","Pantothenate and CoA metabolism","(2S)-ethylmalonyl-CoA decarboxylase"
"R_ENO","Glycolysis / Gluconeogenesis","Enolase"
"R_ENOPH","Cysteine and methionine metabolism","Enolase-phosphatase E1"
"R_EPOME1213EPHX","Linoleate metabolism","Epoxide hydrolase (12(13)-EpOME)"
"R_EPOME1213te","Transport, extracellular","Transport of 12(13)-EpOME via diffusion"
"R_EPOME910EPHX","Linoleate metabolism","Epoxide hydrolase (9(10)-EpOME)"
"R_EPOME910te","Transport, extracellular","Transport of 9(10)-EpOME via diffusion"
"R_ERGOTHtuNa","Transport, extracellular","Transport of Ergothioneine"
"R_ERTHSD_Dy","Pentose and glucuronate interconversions","D-erythrose reductase (NADPH)"
"R_ERYLTt","Transport, extracellular","Transport of erythritol l via diffusion"
"R_ESTRADIOL23Q1ERx","Estrogen metabolism","17beta-estradiol-2,3-quinone:NADH reductase (1e-)"
"R_ESTRADIOL23Q2ERy","Estrogen metabolism","17beta-estradiol-2,3-quinone:NADPH reductase (2e-)"
"R_ESTRADIOL23Q2ERz","Estrogen metabolism","17beta-estradiol-2,3-quinone:NADPH reductase (2e-)"
"R_ESTRADIOL23SQDP","Estrogen metabolism","Disproportionation of estradiol-2,3-semiquinone"
"R_ESTRADIOL2OXRx","Estrogen metabolism","17beta-estradiol, NADH:oxygen oxidoreductase"
"R_ESTRADIOL2OXRy","Estrogen metabolism","17beta-estradiol, NADPH:oxygen oxidoreductase"
"R_ESTRADIOL34Q1ERx","Estrogen metabolism","17beta-estradiol-3,4-quinone:NADH reductase (1e-)"
"R_ESTRADIOL34Q2ERy","Estrogen metabolism","17beta-estradiol-3,4-quinone:NADPH reductase (2e-)"
"R_ESTRADIOL34Q2ERz","Estrogen metabolism","17beta-estradiol-3,4-quinone:NADPH reductase (2e-)"
"R_ESTRADIOL34SQDP","Estrogen metabolism","Disproportionation of estradiol-3,4-semiquinone"
"R_ESTRADIOL4OXRx","Estrogen metabolism","17beta-estradiol, NADH:oxygen oxidoreductase"
"R_ESTRADIOL4OXRy","Estrogen metabolism","17beta-estradiol, NADPH:oxygen oxidoreductase"
"R_ESTRADIOLt","Transport, extracellular","Transport of 17beta-estradiol"
"R_ESTRONE23Q1ERx","Estrogen metabolism","Estrone-2,3-quinone:NADH reductase reductase (1e-)"
"R_ESTRONE23Q2ERy","Estrogen metabolism","Estrone-2,3-quinone:NADPH reductase (2e-)"
"R_ESTRONE23Q2ERz","Estrogen metabolism","Estrone-2,3-quinone:NADPH reductase (2e-)"
"R_ESTRONE23SQDP","Estrogen metabolism","Disproportionation of estrone-2,3-semiquinone"
"R_ESTRONE2OXRx","Estrogen metabolism","Estrone, NADH:oxygen oxidoreductase"
"R_ESTRONE2OXRy","Estrogen metabolism","Estrone, NADPH:oxygen oxidoreductase"
"R_ESTRONE34Q1ERx","Estrogen metabolism","Estrone-3,4-quinone:NADH reductase (1e-)"
"R_ESTRONE34Q2ERy","Estrogen metabolism","Estrone-3,4-quinone:NADPH reductase (2e-)"
"R_ESTRONE34Q2ERz","Estrogen metabolism","Estrone-3,4-quinone:NADPH reductase (2e-)"
"R_ESTRONE34SQDP","Estrogen metabolism","Disproportionation of estrone-3,4-semiquinone"
"R_ESTRONE4OXRx","Estrogen metabolism","Estrone, NADH:oxygen oxidoreductase"
"R_ESTRONE4OXRy","Estrogen metabolism","Estrone, NADPH:oxygen oxidoreductase"
"R_ESTRONEDHy","Estrogen metabolism","Estrone reductase (NADPH)"
"R_ESTRONESte","Transport, extracellular","Transport of estrone 3-sulfate"
"R_ESTRONEt","Transport, extracellular","Transport of estrone"
"R_ETHAt","Transport, extracellular","Transport of ethanolamine via diffusion"
"R_ETHP","Glycerophospholipid metabolism","Ethanolamine phosphate phosphatase"
"R_ETHPe","Glycerophospholipid metabolism","Ethanolamine phosphate phosphatase"
"R_ETOHt","Transport, extracellular","Transport of ethanol via diffusion"
"R_EX_1p3h5c__L_e","Pseudoreactions","L-1-pyrroline-3-hydroxy-5-carboxylate exchange"
"R_EX_1pyr5c__L_e","Pseudoreactions","L-1-pyrroline-5-carboxylate exchange"
"R_EX_1sgth2hoxe1_e","Pseudoreactions","2-hydroxyestrone-1-S-glutathione exchange"
"R_EX_1sgth2hoxe2_e","Pseudoreactions","2-hydroxy-17beta-estradiol-1-S-glutathione exchange"
"R_EX_23cgamp_e","Pseudoreactions","2,3-Cyclic-GMP-AMP exchange"
"R_EX_2abut_e","Pseudoreactions","(S)-2-Aminobutanoate exchange"
"R_EX_2dadn_e","Pseudoreactions","2-deoxyadenosine exchange"
"R_EX_2dcytd_e","Pseudoreactions","2-deoxycytidine exchange"
"R_EX_2dgsn_e","Pseudoreactions","2-deoxyguanosine exchange"
"R_EX_2dins_e","Pseudoreactions","2-deoxyinosine exchange"
"R_EX_2duri_e","Pseudoreactions","2-deoxyuridine exchange"
"R_EX_2hb_e","Pseudoreactions","2-hydroxybutyrate exchange"
"R_EX_2hox3mtoxe1_e","Pseudoreactions","2-hydroxy-3-methoxyestrone exchange"
"R_EX_2hox3mtoxe2_e","Pseudoreactions","2-hydroxy-3-methoxy-17beta-estradiol exchange"
"R_EX_2mtoxe1_e","Pseudoreactions","2-methoxyestrone exchange"
"R_EX_2mtoxe2_e","Pseudoreactions","2-methoxy-17beta-estradiol exchange"
"R_EX_2obut_e","Pseudoreactions","2-oxobutyrate exchange"
"R_EX_2sgth4hoxe1_e","Pseudoreactions","4-hydroxyestrone-2-S-glutathione exchange"
"R_EX_2sgth4hoxe2_e","Pseudoreactions","4-hydroxy-17beta-estradiol-2-S-glutathione exchange"
"R_EX_35camp_e","Pseudoreactions","3',5'-Cyclic AMP exchange"
"R_EX_35cgmp_e","Pseudoreactions","3',5'-Cyclic GMP exchange"
"R_EX_35cimp_e","Pseudoreactions","3',5'-Cyclic IMP exchange"
"R_EX_3dfru_e","Pseudoreactions","3-deoxyfructose exchange"
"R_EX_3dglc_e","Pseudoreactions","3-deoxyglucosone exchange"
"R_EX_3mlda_e","Pseudoreactions","Methylimidazoleacetate exchange"
"R_EX_3mob_e","Pseudoreactions","3-methyl-2-oxobutyrate exchange"
"R_EX_3mox4hoxm_e","Pseudoreactions","vanillylmandelate exchange"
"R_EX_3moxtyr_e","Pseudoreactions","3-Methoxytyramine exchange"
"R_EX_3mtp_e","Pseudoreactions","3-(methylsulfanyl)propanoate exchange"
"R_EX_4abut_e","Pseudoreactions","4-aminobutyrate exchange"
"R_EX_4hpro_LT_e","Pseudoreactions","trans-4-hydroxy-L-proline exchange"
"R_EX_4mop_e","Pseudoreactions","4-methyl-2-oxopentanoate exchange"
"R_EX_4mtoxe1_e","Pseudoreactions","4-methoxyestrone exchange"
"R_EX_4mtoxe2_e","Pseudoreactions","4-methoxy-17beta-estradiol exchange"
"R_EX_4pyrdx_e","Pseudoreactions","4-Pyridoxate exchange"
"R_EX_4pyrn_e","Pseudoreactions","4-pyridone-3-carboxamide-1-beta-D-ribonucleoside exchange"
"R_EX_4sgth2hoxe1_e","Pseudoreactions","2-hydroxyestrone-4-S-glutathione exchange"
"R_EX_4sgth2hoxe2_e","Pseudoreactions","2-hydroxy-17beta-estradiol-4-S-glutathione exchange"
"R_EX_4sgth56dhi_e","Pseudoreactions","4-S-glutathionyl-5,6-dihydroxyindole exchange"
"R_EX_4sgth56dhilne_e","Pseudoreactions","4-S-glutathionyl-5,6-dihydroxyindoline exchange"
"R_EX_56dh5flura_e","Pseudoreactions","5,6-Dihydro-5-fluorouracil exchange"
"R_EX_56dthm_e","Pseudoreactions","5,6-dihydrothymine exchange"
"R_EX_56dura_e","Pseudoreactions","5,6-dihydrouracil exchange"
"R_EX_5aop_e","Pseudoreactions","5-Amino-4-oxopentanoate exchange"
"R_EX_5flura_e","Pseudoreactions","5-Fluorouracil exchange"
"R_EX_5fthf_e","Pseudoreactions","5-formyl-tetrahydrofolate exchange"
"R_EX_5mta_e","Pseudoreactions","5-methylthioadenosine exchange"
"R_EX_5mthf_e","Pseudoreactions","5-methyl-tetrahydrofolate exchange"
"R_EX_5oxpro_e","Pseudoreactions","5-oxoproline exchange"
"R_EX_5sgthadrnl__L_e","Pseudoreactions","5-S-glutathionyl-L-adrenaline exchange"
"R_EX_5sgthdopa__L_e","Pseudoreactions","5-S-glutathionyl-L-dopa exchange"
"R_EX_5sgthdpam__L_e","Pseudoreactions","5-S-glutathionyl-dopamine exchange"
"R_EX_5sgthleuadrnchrm_e","Pseudoreactions","5-S-Glutathionyl-leucoadrenochrome exchange"
"R_EX_5sgthleudopachr__L_e","Pseudoreactions","5-S-Glutathionyl-L-leucodopachrome exchange"
"R_EX_5sgthleunrpphrchrm_e","Pseudoreactions","5-S-Glutathionyl-leuconoradrenochrome exchange"
"R_EX_5sgthnrpphr__L_e","Pseudoreactions","5-S-glutathionyl-L-noradrenaline exchange"
"R_EX_78dhbpt_e","Pseudoreactions","7,8-dihydrobiopterin exchange"
"R_EX_abt__L_e","Pseudoreactions","L-arabitol exchange"
"R_EX_ac_e","Pseudoreactions","Acetate exchange"
"R_EX_acac_e","Pseudoreactions","Acetoacetate exchange"
"R_EX_acald_e","Pseudoreactions","Acetaldehyde exchange"
"R_EX_ach_e","Pseudoreactions","Acetylcholine exchange"
"R_EX_acnam_e","Pseudoreactions","N-Acetylneuraminate exchange"
"R_EX_ade_e","Pseudoreactions","Adenine exchange"
"R_EX_admarg__L_e","Pseudoreactions","Asymmetric N(omega),N(omega)-dimethyl-L-arginine exchange"
"R_EX_adn_e","Pseudoreactions","Adenosine exchange"
"R_EX_adp_e","Pseudoreactions","ADP exchange"
"R_EX_adprbp_e","Pseudoreactions","ADP-ribose-2-phosphate exchange"
"R_EX_adprib_e","Pseudoreactions","ADP-ribose exchange"
"R_EX_adrnl__L_e","Pseudoreactions","L-adrenaline exchange"
"R_EX_ag1_e","Pseudoreactions","Silver (I) exchange"
"R_EX_aic_e","Pseudoreactions","5-amino-4-imidazolecarboxamide exchange"
"R_EX_aica_e","Pseudoreactions","5-amino-4-imidazolecarboxamide riboside exchange"
"R_EX_aicar_e","Pseudoreactions","5-amino-4-imidazolecarboxamide riboside 5'-monophosphate (ZMP) exchange"
"R_EX_akg_e","Pseudoreactions","Alpha-ketoglutarate exchange"
"R_EX_ala__L_e","Pseudoreactions","L-Alanine exchange"
"R_EX_ala_B_e","Pseudoreactions","beta-alanine exchange"
"R_EX_alltn_e","Pseudoreactions","Allantoin exchange"
"R_EX_amp_e","Pseudoreactions","AMP exchange"
"R_EX_andrstndn_e","Pseudoreactions","4-androstene-3,17-dione exchange"
"R_EX_aprgstrn_e","Pseudoreactions","20alpha-hydroxy-4-pregnen-3-one exchange"
"R_EX_arab__L_e","Pseudoreactions","L-arabinose exchange"
"R_EX_arg__L_e","Pseudoreactions","L-Arginine exchange"
"R_EX_arsna_e","Pseudoreactions","Arsenate exchange"
"R_EX_arsni_e","Pseudoreactions","arsenite exchange"
"R_EX_arsseldigth_e","Pseudoreactions","Selenobis(S-glutathionyl) arsenium ion exchange"
"R_EX_ascb__L_e","Pseudoreactions","L-Ascorbate exchange"
"R_EX_asn__L_e","Pseudoreactions","L-asparagine exchange"
"R_EX_asp__L_e","Pseudoreactions","aspartate exchange"
"R_EX_atp_e","Pseudoreactions","ATP exchange"
"R_EX_bilirub_e","Pseudoreactions","Bilirubin exchange"
"R_EX_but_e","Pseudoreactions","Butyrate (FA 4:0) exchange"
"R_EX_ca2_e","Pseudoreactions","Calcium exchange"
"R_EX_cadprbp_e","Pseudoreactions","Cyclic ADP-ribose-2-phosphate exchange"
"R_EX_cadprib_e","Pseudoreactions","Cyclic ADP-ribose exchange"
"R_EX_cd2_e","Pseudoreactions","Cadmium (II) exchange"
"R_EX_chol_e","Pseudoreactions","Choline exchange"
"R_EX_cholate_e","Pseudoreactions","cholate exchange"
"R_EX_cholp_e","Pseudoreactions","Phosphocholine exchange"
"R_EX_chsterol_e","Pseudoreactions","cholesterol exchange"
"R_EX_cit_e","Pseudoreactions","citrate exchange"
"R_EX_citr__L_e","Pseudoreactions","citrulline exchange"
"R_EX_cl_e","Pseudoreactions","Chloride exchange"
"R_EX_clho_e","Pseudoreactions","Hypochlorite exchange"
"R_EX_co_e","Pseudoreactions","Carbon monoxide exchange"
"R_EX_co2_e","Pseudoreactions","CO2 exchange"
"R_EX_cobalt2_e","Pseudoreactions","Cobalt (II) exchange"
"R_EX_cppp1_e","Pseudoreactions","Coproporphyrin I exchange"
"R_EX_cppp3_e","Pseudoreactions","Coproporphyrin III exchange"
"R_EX_cpppg3_e","Pseudoreactions","Coproporphyrinogen III exchange"
"R_EX_creat_e","Pseudoreactions","creatine exchange"
"R_EX_crm_hs_e","Pseudoreactions","Ceramide (Cer d18:2) exchange"
"R_EX_crn_e","Pseudoreactions","L-carnitine exchange"
"R_EX_crtn_e","Pseudoreactions","creatinine exchange"
"R_EX_crtsl_e","Pseudoreactions","cortisol exchange"
"R_EX_crtstrn_e","Pseudoreactions","corticosterone exchange"
"R_EX_cu1_e","Pseudoreactions","Copper (I) exchange"
"R_EX_cu2_e","Pseudoreactions","Copper (II) exchange"
"R_EX_cys__L_e","Pseudoreactions","L-Cysteine exchange"
"R_EX_cysi__L_e","Pseudoreactions","cystine exchange"
"R_EX_cytd_e","Pseudoreactions","cytidine exchange"
"R_EX_dgchol_e","Pseudoreactions","glycochenodeoxycholate exchange"
"R_EX_dha_e","Pseudoreactions","glycerone exchange"
"R_EX_dhdascb__L_e","Pseudoreactions","L-Dehydroascorbate exchange"
"R_EX_dheas_e","Pseudoreactions","dehydroepiandrosterone sulfate exchange"
"R_EX_dhet1112_e","Pseudoreactions","11,12-DHET (FA 20:3;O2) exchange"
"R_EX_dhet1415_e","Pseudoreactions","14,15-DHET (FA 20:3;O2) exchange"
"R_EX_dhet56_e","Pseudoreactions","5,6-DHET (FA 20:3;O2) exchange"
"R_EX_dhet89_e","Pseudoreactions","8,9-DHET (FA 20:3;O2) exchange"
"R_EX_dhlipoate_e","Pseudoreactions","Dihydrolipoate exchange"
"R_EX_dhnpt_e","Pseudoreactions","Dihydroneopterin exchange"
"R_EX_dihdpa1011_e","Pseudoreactions","10,11-DiHDPA (FA 22:5;O2) exchange"
"R_EX_dihdpa1314_e","Pseudoreactions","13,14-DiHDPA (FA 22:5;O2) exchange"
"R_EX_dihdpa1617_e","Pseudoreactions","16,17-DiHDPA (FA 22:5;O2) exchange"
"R_EX_dihdpa1920_e","Pseudoreactions","19,22-DiHDPA (FA 22:5;O2) exchange"
"R_EX_dihdpa78_e","Pseudoreactions","7,8-DiHDPA (FA 22:5;O2) exchange"
"R_EX_dihete1112_e","Pseudoreactions","11,12-DiHETE (FA 20:4;O2) exchange"
"R_EX_dihete1415_e","Pseudoreactions","14,15-DiHETE (FA 20:4;O2) exchange"
"R_EX_dihete1718_e","Pseudoreactions","17,18-DiHETE (FA 20:4;O2) exchange"
"R_EX_dihete56_e","Pseudoreactions","5,6-DiHETE (FA 20:4;O2) exchange"
"R_EX_dihete89_e","Pseudoreactions","8,9-DiHETE (FA 20:4;O2) exchange"
"R_EX_dihome1213_e","Pseudoreactions","12(13)-DiHOME (FA 18:1;O2) exchange"
"R_EX_dihome910_e","Pseudoreactions","9(10)-DiHOME (FA 18:1;O2) exchange"
"R_EX_diiodthy__L_e","Pseudoreactions","3,3'-Diiodo-L-thyronine (T2) exchange"
"R_EX_dnadp_e","Pseudoreactions","Nicotinate-adenine dinucleotide phosphate  (Deamido-NADP, NAADP) exchange"
"R_EX_dopa__L_e","Pseudoreactions","L-dopa exchange"
"R_EX_dpam__L_e","Pseudoreactions","L-dopamine exchange"
"R_EX_e217obglcur_c","Pseudoreactions","17beta-estradiol 17-O-(beta-D-glucuronate) exchange"
"R_EX_e217obglcur_e","Pseudoreactions","17beta-estradiol 17-O-(beta-D-glucuronate) exchange"
"R_EX_edp1011_e","Pseudoreactions","10,11-EDP (FA 20:6;O) exchange"
"R_EX_edp1314_e","Pseudoreactions","13,14-EDP (FA 20:6;O) exchange"
"R_EX_edp1617_e","Pseudoreactions","16,17-EDP (FA 20:6;O) exchange"
"R_EX_edp1920_e","Pseudoreactions","19,20-EDP (FA 20:6;O) exchange"
"R_EX_edp78_e","Pseudoreactions","7,8-EDP (FA 20:6;O) exchange"
"R_EX_eeq1112_e","Pseudoreactions","11,12-EEQ (FA 20:4;O) exchange"
"R_EX_eeq1415_e","Pseudoreactions","14,15-EEQ (FA 20:4;O) exchange"
"R_EX_eeq1718_e","Pseudoreactions","17,18-EEQ (FA 20:4;O) exchange"
"R_EX_eeq56_e","Pseudoreactions","5,6-EEQ (FA 20:4;O) exchange"
"R_EX_eeq89_e","Pseudoreactions","8,9-EEQ (FA 20:4;O) exchange"
"R_EX_eet1112_e","Pseudoreactions","11,12-EET (FA 20:3;O) exchange"
"R_EX_eet1415_e","Pseudoreactions","14,15-EET (FA 20:3;O) exchange"
"R_EX_eet56_e","Pseudoreactions","5,6-EET (FA 20:3;O) exchange"
"R_EX_eet89_e","Pseudoreactions","8,9-EET (FA 20:3;O) exchange"
"R_EX_epome1213_e","Pseudoreactions","12(13)-EpOME (FA 18:1;O) exchange"
"R_EX_epome910_e","Pseudoreactions","9(10)-EpOME (FA 18:1;O) exchange"
"R_EX_ergoth_e","Pseudoreactions","Ergothioneine exchange"
"R_EX_erylt_e","Pseudoreactions","Erythritol exchange"
"R_EX_estradiol_e","Pseudoreactions","estradiol-17beta exchange"
"R_EX_estrone_e","Pseudoreactions","estrone exchange"
"R_EX_estrones_e","Pseudoreactions","estrone 3-sulfate exchange"
"R_EX_etha_e","Pseudoreactions","Ethanolamine exchange"
"R_EX_ethamp_e","Pseudoreactions","ethanolamine-phosphate exchange"
"R_EX_etoh_e","Pseudoreactions","ethanol exchange"
"R_EX_FA_hs_10_0_e","Pseudoreactions","Decanoate (FA 10:0) exchange"
"R_EX_FA_hs_11_0_e","Pseudoreactions","Hendecanoate (FA 11:0) exchange"
"R_EX_FA_hs_12_0_e","Pseudoreactions","Dodecanoate (FA 12:0) exchange"
"R_EX_FA_hs_13_0_e","Pseudoreactions","Tridecanoate (FA 13:0) exchange"
"R_EX_FA_hs_14_0_e","Pseudoreactions","Tetradecanoate (FA 14:0) exchange"
"R_EX_FA_hs_14_5Z_e","Pseudoreactions","(5Z)-tetradecenoate exchange"
"R_EX_FA_hs_14_7Z_e","Pseudoreactions","(7Z)-tetradecenoate exchange"
"R_EX_FA_hs_14_9Z_e","Pseudoreactions","(9Z)-tetradecenoate exchange"
"R_EX_FA_hs_15_0_e","Pseudoreactions","Pentadecanoate (FA 15:0) exchange"
"R_EX_FA_hs_16_0_e","Pseudoreactions","Hexadecanoate (FA 16:0) exchange"
"R_EX_FA_hs_16_2E_e","Pseudoreactions","(2E)-hexadecenoate (FA 16:1(2E)) exchange"
"R_EX_FA_hs_16_7Z_e","Pseudoreactions","(7Z)-hexadecenoate (FA 16:1(7Z)) exchange"
"R_EX_FA_hs_16_9Z_e","Pseudoreactions","(9Z)-hexadecenoate (FA 16:1(9Z)) exchange"
"R_EX_FA_hs_17_0_e","Pseudoreactions","Heptadecanoate (FA 17:0) exchange"
"R_EX_FA_hs_17_10Z_e","Pseudoreactions","(10Z)-heptadecenoate (FA 17:1(10Z)) exchange"
"R_EX_FA_hs_17_9Z_e","Pseudoreactions","(9Z)-heptadecenoate (FA 17:1(9Z)) exchange"
"R_EX_FA_hs_18_0_e","Pseudoreactions","Octadecanoate (FA 18:0) exchange"
"R_EX_FA_hs_18_11Z_e","Pseudoreactions","(11Z)-octadecenoate (FA.18:1(11Z)) exchange"
"R_EX_FA_hs_18_13Z_e","Pseudoreactions","(13Z)-octadecenoate (FA.18:1(13Z)) exchange"
"R_EX_FA_hs_18_6Z9Z_e","Pseudoreactions","(6Z,9Z)-octadecadienoate (FA.18:2(6Z,9Z)) exchange"
"R_EX_FA_hs_18_6Z9Z12Z_e","Pseudoreactions","(6Z,9Z,12Z)-octadecatrienoate (FA.18:3(6Z,9Z,12Z)) exchange"
"R_EX_FA_hs_18_6Z9Z12Z15Z_e","Pseudoreactions","(6Z,9Z,12Z.15Z)-octadecatetraenoate (FA.18:4(6Z,9Z,12Z,15Z)) exchange"
"R_EX_FA_hs_18_7Z_e","Pseudoreactions","(7Z)-octadecenoate (FA.18:1(7Z)) exchange"
"R_EX_FA_hs_18_9E_e","Pseudoreactions","(9E)-octadecenoate (FA.18:1(9E)) exchange"
"R_EX_FA_hs_18_9Z_e","Pseudoreactions","(9Z)-octadecenoate (FA.18:1(9Z)) exchange"
"R_EX_FA_hs_18_9Z12Z_e","Pseudoreactions","(9Z,12Z)-octadecadienoate (FA.18:2(9Z,12Z)) exchange"
"R_EX_FA_hs_18_9Z12Z15Z_e","Pseudoreactions","(9Z,12Z.15Z)-octadecatrienoate  (FA.18:3(9Z,12Z,15Z)) exchange"
"R_EX_FA_hs_19_0_e","Pseudoreactions","Nonadecanoate (FA 19:0) exchange"
"R_EX_FA_hs_20_0_e","Pseudoreactions","Eicosanoate (FA 20:0) exchange"
"R_EX_FA_hs_20_11Z_e","Pseudoreactions","(11Z)-eicosanoate (FA 20:1(11Z)) exchange"
"R_EX_FA_hs_20_11Z14Z_e","Pseudoreactions","(11Z,14Z)-eicosadienoate (FA 20:2(11Z,14Z)) exchange"
"R_EX_FA_hs_20_11Z14Z17Z_e","Pseudoreactions","(11Z,14Z,17Z)-eicosatrienoate (FA 20:3(11Z,14Z,17Z)) exchange"
"R_EX_FA_hs_20_13Z_e","Pseudoreactions","(13Z)-eicosanoate (FA 20:1(13Z)) exchange"
"R_EX_FA_hs_20_5Z8Z11Z_e","Pseudoreactions","(5Z,8Z,11Z)-eicosatrienoate (FA 20:3(5Z,8Z,11Z)) exchange"
"R_EX_FA_hs_20_5Z8Z11Z14Z_e","Pseudoreactions","(5Z,8Z,11Z,14Z)-eicosatetraenoate (FA 20:4(5Z,8Z,11Z,14Z)) exchange"
"R_EX_FA_hs_20_5Z8Z11Z14Z17Z_e","Pseudoreactions","(5Z,8Z,11Z,14Z,17Z)-eicosapentaenoate (FA 20:5(5Z,8Z,11Z,14Z,17Z)) exchange"
"R_EX_FA_hs_20_8Z11Z_e","Pseudoreactions","(8Z,11Z)-eicosadienoate (FA 20:2(8Z,11Z)) exchange"
"R_EX_FA_hs_20_8Z11Z14Z_e","Pseudoreactions","(8Z,11Z,14Z)-eicosatrienoate (FA 20:3(8Z,11Z.14Z)) exchange"
"R_EX_FA_hs_20_8Z11Z14Z17Z_e","Pseudoreactions","(8Z,11Z,14Z,17Z)-eicosatetraenoate (FA 20:4(8Z,11Z,14Z,17Z)) exchange"
"R_EX_FA_hs_20_9Z_e","Pseudoreactions","(9Z)-eicosanoate (FA 20:1(9Z)) exchange"
"R_EX_FA_hs_21_0_e","Pseudoreactions","Henicosanoate (FA 21:0) exchange"
"R_EX_FA_hs_22_0_e","Pseudoreactions","Docosanoate (FA 22:0) exchange"
"R_EX_FA_hs_22_10Z13Z16Z_e","Pseudoreactions","(10Z,13Z,16Z)-docosatrienoate (FA 22:3(10Z,13Z,16Z)) exchange"
"R_EX_FA_hs_22_10Z13Z16Z19Z_e","Pseudoreactions","(10Z,13Z,16Z,19Z)-docosatetraenoate (FA 22:4(10Z,13Z,16Z,19Z)) exchange"
"R_EX_FA_hs_22_11Z_e","Pseudoreactions","(11Z)-docosenoate (FA 22:1(11Z)) exchange"
"R_EX_FA_hs_22_13Z_e","Pseudoreactions","(13Z)-docosenoate (FA 22:1(13Z)) exchange"
"R_EX_FA_hs_22_13Z16Z_e","Pseudoreactions","(13Z,16Z)-docosadienoate (FA 22:2(13Z,16Z)) exchange"
"R_EX_FA_hs_22_13Z16Z19Z_e","Pseudoreactions","(13Z,16Z,19Z)-docosatrienoate (FA 22:3(13Z,16Z,19Z)) exchange"
"R_EX_FA_hs_22_4Z7Z10Z13Z16Z_e","Pseudoreactions","(4Z,7Z,10Z,13Z,16Z)-docosapentaenoate (FA 22:5(4Z,7Z,10Z,13Z,16Z)) exchange"
"R_EX_FA_hs_22_4Z7Z10Z13Z16Z19Z_e","Pseudoreactions","(4Z,7Z,10Z,13Z,16Z,19Z)-docosahexaenoate (FA 22:6(4Z,7Z,10Z,13Z,16Z,19Z)) exchange"
"R_EX_FA_hs_22_7Z10Z13Z16Z_e","Pseudoreactions","(7Z,10Z,13Z,16Z)-docosatetraenoate (FA 22:4(7Z,10Z,13Z,16Z)) exchange"
"R_EX_FA_hs_22_7Z10Z13Z16Z19Z_e","Pseudoreactions","Docosapentaenoate (FA 22:5(7Z,10Z,13Z,16Z,19Z)) exchange"
"R_EX_FA_hs_23_0_e","Pseudoreactions","Tricosanoate (FA 23:0) exchange"
"R_EX_FA_hs_24_0_e","Pseudoreactions","Tetracosanoate (FA 24:0) exchange"
"R_EX_FA_hs_24_12Z15Z18Z21Z_e","Pseudoreactions","(12Z,15Z,18Z,21Z)-tetracosatetraenoate (FA 20:4(12Z,15Z,18Z,21Z)) exchange"
"R_EX_FA_hs_24_15Z_e","Pseudoreactions","Tetracosenoate (FA 24:1(15Z)) exchange"
"R_EX_FA_hs_24_6Z9Z12Z15Z18Z_e","Pseudoreactions","(6Z,9Z,12Z,15Z,18Z)-tetracosapentaenoate (FA 20:5(6Z,9Z,12Z,15Z,18Z)) exchange"
"R_EX_FA_hs_24_6Z9Z12Z15Z18Z21Z_e","Pseudoreactions","(6Z,9Z,12Z,15Z,18Z,21Z)-tetracosahexaenoate (FA 24:6(6Z,9Z,12Z,15Z,18Z,21Z)) exchange"
"R_EX_FA_hs_24_9Z12Z15Z18Z_e","Pseudoreactions","(9Z,12Z,15Z,18Z)-tetracosatetraenoate (FA 20:4(9Z,12Z,15Z,18Z))) exchange"
"R_EX_FA_hs_24_9Z12Z15Z18Z21Z_e","Pseudoreactions","(9Z,12Z,15Z,18Z,21Z)-tetracosapentaenoate (FA 24:5(9Z,12Z,15Z,18Z,21Z)) exchange"
"R_EX_FA_hs_26_0_e","Pseudoreactions","Hexacosanoate (FA 26:0) exchange"
"R_EX_FA_hs_26_17Z_e","Pseudoreactions","Hexacosenoate (FA 26:1(17Z)) exchange"
"R_EX_fe2_e","Pseudoreactions","Iron (II) exchange"
"R_EX_fe3_e","Pseudoreactions","Iron (III) exchange"
"R_EX_for_e","Pseudoreactions","Formate exchange"
"R_EX_fru_e","Pseudoreactions","D-Fructose exchange"
"R_EX_fum_e","Pseudoreactions","Fumarate exchange"
"R_EX_ga1_hs_e","Pseudoreactions","GA1 exchange"
"R_EX_gal__bD_e","Pseudoreactions","beta-D-Galactose exchange"
"R_EX_gal_e","Pseudoreactions","galactose exchange"
"R_EX_galgluside_hs_e","Pseudoreactions","LacCer pool exchange"
"R_EX_galt_e","Pseudoreactions","Galactitol exchange"
"R_EX_gam_e","Pseudoreactions","D-Glucosamine exchange"
"R_EX_gchola_e","Pseudoreactions","glycocholate exchange"
"R_EX_gd1a_hs_e","Pseudoreactions","GD1a exchange"
"R_EX_gd1b_hs_e","Pseudoreactions","GD1b exchange"
"R_EX_gd2_hs_e","Pseudoreactions","GD2 exchange"
"R_EX_gd3_hs_e","Pseudoreactions","GD3 exchange"
"R_EX_gdchac_e","Pseudoreactions","glycodeoxycholate exchange"
"R_EX_glc__aD_e","Pseudoreactions","alpha-D-Glucose exchange"
"R_EX_glc__D_e","Pseudoreactions","beta-D-Glucose exchange"
"R_EX_glcn_e","Pseudoreactions","D-gluconate exchange"
"R_EX_gln__L_e","Pseudoreactions","L-Glutamine exchange"
"R_EX_glu__L_e","Pseudoreactions","L-Glutamate exchange"
"R_EX_glx_e","Pseudoreactions","Glyoxylate exchange"
"R_EX_gly_e","Pseudoreactions","Glycine exchange"
"R_EX_glyb_e","Pseudoreactions","betaine exchange"
"R_EX_glyc__R_e","Pseudoreactions","(R)-glycerate exchange"
"R_EX_glyc__S_e","Pseudoreactions","(S)-glycerate exchange"
"R_EX_glyc_e","Pseudoreactions","Glycerol exchange"
"R_EX_glyclt_e","Pseudoreactions","Glycolate exchange"
"R_EX_gm1_hs_e","Pseudoreactions","GM1 exchange"
"R_EX_gm1b_hs_e","Pseudoreactions","GM1b exchange"
"R_EX_gm2_hs_e","Pseudoreactions","GM2 exchange"
"R_EX_gm3_hs_e","Pseudoreactions","GM3 exchange"
"R_EX_gq1b_hs_e","Pseudoreactions","GQ1b exchange"
"R_EX_gsn_e","Pseudoreactions","guanosine exchange"
"R_EX_gt1b_hs_e","Pseudoreactions","GT1b exchange"
"R_EX_gthno_e","Pseudoreactions","S-nitrosoglutathione exchange"
"R_EX_gthox_e","Pseudoreactions","Oxidized glutathione exchange"
"R_EX_gthrd_e","Pseudoreactions","Reduced glutathione exchange"
"R_EX_gua_e","Pseudoreactions","guanine exchange"
"R_EX_gudchola_e","Pseudoreactions","glycoursodeoxycholate exchange"
"R_EX_h_e","Pseudoreactions","H+ exchange"
"R_EX_h2o_e","Pseudoreactions","H2O exchange"
"R_EX_h2o2_e","Pseudoreactions","H2O2 exchange"
"R_EX_h2s_e","Pseudoreactions","Hydrogen sulfide exchange"
"R_EX_hco3_e","Pseudoreactions","Bicarbonate exchange"
"R_EX_hcys__L_e","Pseudoreactions","L-Homocysteine exchange"
"R_EX_hcystin__L_e","Pseudoreactions","L-homocystine exchange"
"R_EX_hdha10_e","Pseudoreactions","10-HPDHA (FA 22:6;O2) exchange"
"R_EX_hdha11_e","Pseudoreactions","11-HPDHA (FA 22:6;O2) exchange"
"R_EX_hdha13_e","Pseudoreactions","13-HPDHA (FA 22:6;O2) exchange"
"R_EX_hdha14_e","Pseudoreactions","14-HPDHA (FA 22:6;O2) exchange"
"R_EX_hdha16_e","Pseudoreactions","16-HPDHA (FA 22:6;O2) exchange"
"R_EX_hdha17_e","Pseudoreactions","17-HPDHA (FA 22:6;O2) exchange"
"R_EX_hdha20_e","Pseudoreactions","20-HPDHA (FA 22:6;O2) exchange"
"R_EX_hdha4_e","Pseudoreactions","4-HPDHA (FA 22:6;O2) exchange"
"R_EX_hdha7_e","Pseudoreactions","7-HPDHA (FA 22:6;O2) exchange"
"R_EX_hdha8_e","Pseudoreactions","8-HPDHA (FA 22:6;O2) exchange"
"R_EX_hematin_e","Pseudoreactions","Hematin exchange"
"R_EX_hepe11_e","Pseudoreactions","11-HEPE  (FA 20:5;O) exchange"
"R_EX_hepe12_e","Pseudoreactions","12-HEPE  (FA 20:5;O) exchange"
"R_EX_hepe15_e","Pseudoreactions","15-HEPE  (FA 20:5;O) exchange"
"R_EX_hepe18_e","Pseudoreactions","18-HEPE  (FA 20:5;O) exchange"
"R_EX_hepe5_e","Pseudoreactions","5-HEPE  (FA 20:5;O) exchange"
"R_EX_hepe8_e","Pseudoreactions","8-HEPE  (FA 20:5;O) exchange"
"R_EX_hepe9_e","Pseudoreactions","9-HEPE  (FA 20:5;O) exchange"
"R_EX_hete11_e","Pseudoreactions","11-HETE  (FA 20:4;O) exchange"
"R_EX_hete12_e","Pseudoreactions","12-HETE  (FA 20:4;O) exchange"
"R_EX_hete15_e","Pseudoreactions","15-HETE  (FA 20:4;O) exchange"
"R_EX_hete5_e","Pseudoreactions","5-HETE  (FA 20:4;O) exchange"
"R_EX_hete8_e","Pseudoreactions","8-HETE  (FA 20:4;O) exchange"
"R_EX_hete9_e","Pseudoreactions","9-HETE  (FA 20:4;O) exchange"
"R_EX_his__L_e","Pseudoreactions","L-histidine exchange"
"R_EX_hista_e","Pseudoreactions","histamine exchange"
"R_EX_hLkynr_e","Pseudoreactions","3-hydroxy-L-kynurenine exchange"
"R_EX_hode13_e","Pseudoreactions","13-HODE (FA 18:2;O) exchange"
"R_EX_hode9_e","Pseudoreactions","9-HODE (FA 18:2;O) exchange"
"R_EX_homoval_e","Pseudoreactions","homovanillate exchange"
"R_EX_hpta_e","Pseudoreactions","Heptanoate (FA 7:0) exchange"
"R_EX_hser__L_e","Pseudoreactions","L-homoserine exchange"
"R_EX_hxa_e","Pseudoreactions","Hexanoate (FA 6:0) exchange"
"R_EX_hxan_e","Pseudoreactions","Hypoxanthine exchange"
"R_EX_i_e","Pseudoreactions","Iodide exchange"
"R_EX_ile__L_e","Pseudoreactions","isoleucine exchange"
"R_EX_im4ac_e","Pseudoreactions","Imidazole-4-acetate exchange"
"R_EX_inds_e","Pseudoreactions","Indoxyl Sulfate exchange"
"R_EX_inost_e","Pseudoreactions","inositol exchange"
"R_EX_ins_e","Pseudoreactions","Inosine exchange"
"R_EX_k_e","Pseudoreactions","K+ exchange"
"R_EX_kdn_e","Pseudoreactions","3-deoxy-D-glycero-D-galacto-2-nonulosonic acid exchange"
"R_EX_kynr__L_e","Pseudoreactions","kynurenine exchange"
"R_EX_L2aadp_e","Pseudoreactions","L-2-aminoadipate exchange"
"R_EX_lac__D_e","Pseudoreactions","D-Lactate exchange"
"R_EX_lac__L_e","Pseudoreactions","L-Lactate exchange"
"R_EX_lacphe__LL_e","Pseudoreactions","N-[(S)-lactoyl]-L-phenylalanine exchange"
"R_EX_leu__D_e","Pseudoreactions","D-leucine exchange"
"R_EX_leu__L_e","Pseudoreactions","L-leucine exchange"
"R_EX_leuktrA4_e","Pseudoreactions","Leukotriene A4 exchange"
"R_EX_leuktrA5_e","Pseudoreactions","Leukotriene A5 exchange"
"R_EX_leuktrB4_e","Pseudoreactions","Leukotriene B4 exchange"
"R_EX_leuktrB5_e","Pseudoreactions","Leukotriene B5 exchange"
"R_EX_leuktrC4_e","Pseudoreactions","leukotriene C4 exchange"
"R_EX_leuktrC5_e","Pseudoreactions","Leukotriene C5 exchange"
"R_EX_li1_e","Pseudoreactions","Lithium exchange"
"R_EX_lipoate_e","Pseudoreactions","Lipoate exchange"
"R_EX_lpc_hs_e","Pseudoreactions","LPC exchange"
"R_EX_lys__L_e","Pseudoreactions","L-lysine exchange"
"R_EX_mal__L_e","Pseudoreactions","L-Malate exchange"
"R_EX_man_e","Pseudoreactions","D-Mannose exchange"
"R_EX_mdhdascb__L_e","Pseudoreactions","L-monodehydroascorbate exchange"
"R_EX_mepi__L_e","Pseudoreactions","Metanephrine exchange"
"R_EX_mercpur_e","Pseudoreactions","6-mercaptopurine exchange"
"R_EX_met__L_e","Pseudoreactions","L-Methionine exchange"
"R_EX_mg2_e","Pseudoreactions","Magnesium (II) exchange"
"R_EX_mma_e","Pseudoreactions","Methylamine exchange"
"R_EX_mmarg__L_e","Pseudoreactions","N(omega)-methyl-L-arginine exchange"
"R_EX_mn2_e","Pseudoreactions","Manganese (II) exchange"
"R_EX_mnl_e","Pseudoreactions","D-Mannitol exchange"
"R_EX_mnlr_e","Pseudoreactions","D-Mannitol exchange"
"R_EX_mobd_e","Pseudoreactions","Molybdate exchange"
"R_EX_mtthiogmp_e","Pseudoreactions","6-methylthioguanosine monophosphate exchange"
"R_EX_mtthioimp_e","Pseudoreactions","6-methylthioinosine monophosphate exchange"
"R_EX_n2o3_e","Pseudoreactions","Dinitrogen trioxide exchange"
"R_EX_na1_e","Pseudoreactions","Sodium exchange"
"R_EX_nac_e","Pseudoreactions","Nicotinate exchange"
"R_EX_naccys__L_e","Pseudoreactions","N-acetyl-L-cysteine exchange"
"R_EX_nad_e","Pseudoreactions","Nicotinamide adenine dinucleotide exchange"
"R_EX_nadp_e","Pseudoreactions","NADP+ exchange"
"R_EX_ncam_e","Pseudoreactions","Nicotinamide exchange"
"R_EX_nh3_e","Pseudoreactions","Ammonia exchange"
"R_EX_nh4_e","Pseudoreactions","Ammonium exchange"
"R_EX_nicrns_e","Pseudoreactions","Nicotinate D-ribonucleoside exchange"
"R_EX_nmn_e","Pseudoreactions","Nicotinamide mononucleotide exchange"
"R_EX_no_e","Pseudoreactions","Nitric oxide exchange"
"R_EX_no2_e","Pseudoreactions","Nitrite anion exchange"
"R_EX_no3_e","Pseudoreactions","Nitrate exchange"
"R_EX_nona_e","Pseudoreactions","Nonanoate (FA 9:0) exchange"
"R_EX_normete__L_e","Pseudoreactions","L-Normetanephrine exchange"
"R_EX_nrpphr__L_e","Pseudoreactions","L-noradrenaline exchange"
"R_EX_o2_e","Pseudoreactions","O2 exchange"
"R_EX_o2s_e","Pseudoreactions","Superoxide exchange"
"R_EX_octa_e","Pseudoreactions","Octanoate (FA 8:0) exchange"
"R_EX_oh1_e","Pseudoreactions","Hydroxide exchange"
"R_EX_oh1r_e","Pseudoreactions","Hydroxyl radical exchange"
"R_EX_onoo_e","Pseudoreactions","Peroxynitrite anion exchange"
"R_EX_onooh_e","Pseudoreactions","Peroxynitrous acid exchange"
"R_EX_orn__L_e","Pseudoreactions","Ornithine exchange"
"R_EX_orot_e","Pseudoreactions","Orotate exchange"
"R_EX_oxa_e","Pseudoreactions","oxalate exchange"
"R_EX_pail_hs_e","Pseudoreactions","PI pool exchange"
"R_EX_pc_hs_e","Pseudoreactions","PC exchange"
"R_EX_pcreat_e","Pseudoreactions","creatine-phosphate exchange"
"R_EX_pe_hs_e","Pseudoreactions","PE exchange"
"R_EX_peth_hs_e","Pseudoreactions","PEth exchange"
"R_EX_phe__L_e","Pseudoreactions","L-Phenylalanine exchange"
"R_EX_pheme_e","Pseudoreactions","Ferroprotoheme exchange"
"R_EX_pi_e","Pseudoreactions","Orthophosphate exchange"
"R_EX_pnto__R_e","Pseudoreactions","pantothenate exchange"
"R_EX_ppa_e","Pseudoreactions","Propanoate (FA 3:0) exchange"
"R_EX_ppi_e","Pseudoreactions","Diphosphate exchange"
"R_EX_ppp9_e","Pseudoreactions","protoporphyrin exchange"
"R_EX_prgnlone_e","Pseudoreactions","Pregnenolone exchange"
"R_EX_prgnlones_e","Pseudoreactions","pregnenolone sulfate exchange"
"R_EX_prgstrn_e","Pseudoreactions","progesterone exchange"
"R_EX_pro__L_e","Pseudoreactions","L-proline exchange"
"R_EX_prostgd2_e","Pseudoreactions","Prostaglandin D2 exchange"
"R_EX_prostge1_e","Pseudoreactions","Prostaglandin E1 exchange"
"R_EX_prostge2_e","Pseudoreactions","Prostaglandin E2 exchange"
"R_EX_prostge3_e","Pseudoreactions","Prostaglandin E3 exchange"
"R_EX_prostgf1_e","Pseudoreactions","Prostaglandin F1alpha exchange"
"R_EX_prostgf2_e","Pseudoreactions","Prostaglandin F2alpha exchange"
"R_EX_prostgf3_e","Pseudoreactions","Prostaglandin F3alpha exchange"
"R_EX_protres_arg__L_e","Pseudoreactions","L-arginyl-[protein]  exchange"
"R_EX_protres_Nwadpribarg__L_e","Pseudoreactions","Nomega-(ADP-D-ribosyl)-L-arginyl-[protein] exchange"
"R_EX_ps_hs_e","Pseudoreactions","PS exchange"
"R_EX_pta_e","Pseudoreactions","Pentanoate (FA 5:0) exchange"
"R_EX_ptrc_e","Pseudoreactions","Putrescine exchange"
"R_EX_pydam_e","Pseudoreactions","Pyridoxamine exchange"
"R_EX_pydx_e","Pseudoreactions","Pyridoxal exchange"
"R_EX_pydx5p_e","Pseudoreactions","Pyridoxal 5'-phosphate exchange"
"R_EX_pydxn_e","Pseudoreactions","Pyridoxine exchange"
"R_EX_pyr_e","Pseudoreactions","Pyruvate exchange"
"R_EX_r5p_e","Pseudoreactions","Alpha-D-Ribose 5-phosphate exchange"
"R_EX_rbt_e","Pseudoreactions","Ribitol exchange"
"R_EX_retinol_e","Pseudoreactions","retinol exchange"
"R_EX_rib__D_e","Pseudoreactions","Ribose exchange"
"R_EX_ribavirin_e","Pseudoreactions","RIbavirin exchange"
"R_EX_ribflv_e","Pseudoreactions","Riboflavin exchange"
"R_EX_rnam_e","Pseudoreactions","N-ribosylnicotinamide exchange"
"R_EX_rnamh_e","Pseudoreactions","1-(beta-D-Ribofuranosyl)-1,4-dihydronicotinamide exchange"
"R_EX_saica_e","Pseudoreactions","5-amino-4-imidazole-N-succinocarboxamide riboside exchange"
"R_EX_sarcs_e","Pseudoreactions","sarcosine exchange"
"R_EX_sbt__D_e","Pseudoreactions","D-Sorbitol exchange"
"R_EX_seln_e","Pseudoreactions","selenide exchange"
"R_EX_selni_e","Pseudoreactions","selenite exchange"
"R_EX_ser__L_e","Pseudoreactions","L-serine exchange"
"R_EX_sgthprostga1_e","Pseudoreactions","S-(PGA1)-glutathione exchange"
"R_EX_sgthprostga2_e","Pseudoreactions","S-(PGA2)-glutathione exchange"
"R_EX_sgthprostga3_e","Pseudoreactions","S-(PGA3)-glutathione exchange"
"R_EX_sh1_e","Pseudoreactions","Hydrosulfide anion exchange"
"R_EX_snocys__L_e","Pseudoreactions","S-Nitroso-L-cysteine exchange"
"R_EX_so4_e","Pseudoreactions","Sulfate exchange"
"R_EX_sph1p_e","Pseudoreactions","sphinganine-1-phosphate exchange"
"R_EX_sphgn_e","Pseudoreactions","sphinganine exchange"
"R_EX_sphings_e","Pseudoreactions","Sphingosine  (SPB 18:1;O2) exchange"
"R_EX_sphmyln_hs_e","Pseudoreactions","SM pool exchange"
"R_EX_sphs1p_e","Pseudoreactions","sphingosine-1-phosphate exchange"
"R_EX_spmd_e","Pseudoreactions","Spermidine exchange"
"R_EX_sppt_e","Pseudoreactions","L-Sepiapterin exchange"
"R_EX_sprm_e","Pseudoreactions","Spermine exchange"
"R_EX_srtn_e","Pseudoreactions","serotonin exchange"
"R_EX_succ_e","Pseudoreactions","succinate exchange"
"R_EX_taur_e","Pseudoreactions","taurine exchange"
"R_EX_tchola_e","Pseudoreactions","taurocholate exchange"
"R_EX_tdchola_e","Pseudoreactions","taurochenodeoxycholate exchange"
"R_EX_tdechola_e","Pseudoreactions","taurodeoxycholate exchange"
"R_EX_tetiodthy__L_e","Pseudoreactions","3,3',5,5'-Tetraiodo-L-thyronine (T4) exchange"
"R_EX_thbpt_e","Pseudoreactions","Tetrahydrobiopterin exchange"
"R_EX_thf_e","Pseudoreactions","Tetrahydrofolate exchange"
"R_EX_thiogmp_e","Pseudoreactions","6-thioguanosine monophosphate exchange"
"R_EX_thioimp_e","Pseudoreactions","6-thioinosine monophosphate exchange"
"R_EX_thioxmp_e","Pseudoreactions","6-thioxanthosine 5'-monophosphate exchange"
"R_EX_thm_e","Pseudoreactions","Thiamine exchange"
"R_EX_thmmp_e","Pseudoreactions","Thiamine monophosphate exchange"
"R_EX_thr__L_e","Pseudoreactions","L-threonine exchange"
"R_EX_thym_e","Pseudoreactions","thymine exchange"
"R_EX_thymd_e","Pseudoreactions","thymidine exchange"
"R_EX_triiodthy__L_e","Pseudoreactions","3,5,3'-Triiodo-L-thyronine (T3) exchange"
"R_EX_trp__L_e","Pseudoreactions","L-tryptophan exchange"
"R_EX_tststerone_e","Pseudoreactions","testosterone exchange"
"R_EX_tudchola_e","Pseudoreactions","tauroursodeoxycholate exchange"
"R_EX_tyr__L_e","Pseudoreactions","L-tyrosine exchange"
"R_EX_upp1_e","Pseudoreactions","Uroporphyrin I exchange"
"R_EX_upp3_e","Pseudoreactions","Uroporphyrin III exchange"
"R_EX_ura_e","Pseudoreactions","uracil exchange"
"R_EX_urate_e","Pseudoreactions","urate exchange"
"R_EX_urea_e","Pseudoreactions","Urea exchange"
"R_EX_uri_e","Pseudoreactions","Uridine exchange"
"R_EX_val__L_e","Pseudoreactions","L-valine exchange"
"R_EX_vanillac_e","Pseudoreactions","Vanil-Lactate exchange"
"R_EX_xan_e","Pseudoreactions","xanthine exchange"
"R_EX_xyl__D_e","Pseudoreactions","D-xylose exchange"
"R_EX_xylt_e","Pseudoreactions","xylitol exchange"
"R_EX_xylu__D_e","Pseudoreactions","D-xylulose exchange"
"R_EX_zn2_e","Pseudoreactions","Zinc (II) exchange"
"R_F1PGT","Fructose and mannose metabolism","Fucose-1-phosphate guanylyltransferase"
"R_F1PP","Fructose and mannose metabolism","D-fructose 1-phosphate phosphatase"
"R_F6PP","Fructose and mannose metabolism","D-fructose 6-phosphate phosphatase"
"R_FA120ACPH","Fatty acid biosynthesis","acyl-[acyl-carrier-protein] hydrolase"
"R_FA140ACPH","Fatty acid biosynthesis","acyl-[acyl-carrier-protein] hydrolase"
"R_FA160ACPH","Fatty acid biosynthesis","acyl-[acyl-carrier-protein] hydrolase"
"R_FA180ACPH","Fatty acid biosynthesis","acyl-[acyl-carrier-protein] hydrolase"
"R_FACOA2ERy_16_2E","Fatty acid elongation (even-chain)","Trans-2,3-enoyl-CoA reductase (CoA 16:1(2E))"
"R_FACOA2ERy_17_2E","Fatty acid elongation (odd-chain)","Trans-2,3-enoyl-CoA reductase (CoA 17:1(2E))"
"R_FACOA2ERy_18_2E","Fatty acid elongation (even-chain)","Trans-2,3-enoyl-CoA reductase (CoA 18:1(2E))"
"R_FACOA2ERy_19_2E","Fatty acid elongation (odd-chain)","Trans-2,3-enoyl-CoA reductase (CoA 19:1(2E))"
"R_FACOA2ERy_20_2E","Fatty acid elongation (even-chain)","Trans-2,3-enoyl-CoA reductase (CoA 20:1(2E))"
"R_FACOA2ERy_20_2E11Z","Fatty acid biosynthesis (unsaturated)","Trans-2,3-enoyl-CoA reductase (CoA 20:2(2E,11Z))"
"R_FACOA2ERy_20_2E11Z14Z","Omega-6 fatty acid metabolism","Trans-2,3-enoyl-CoA reductase (CoA 20:3(2E,11Z,14Z))"
"R_FACOA2ERy_20_2E11Z14Z17Z","Omega-3 fatty acid metabolism","Trans-2,3-enoyl-CoA reductase (CoA 20:4(2E,11Z,14Z,17Z))"
"R_FACOA2ERy_20_2E13Z","Fatty acid biosynthesis (unsaturated)","Trans-2,3-enoyl-CoA reductase (CoA 20:2(2E,13Z))"
"R_FACOA2ERy_20_2E5Z8Z11Z14Z","Omega-3 fatty acid metabolism","Trans-2,3-enoyl-CoA reductase (CoA 20:5(2E,8Z,11Z,14Z,17Z))"
"R_FACOA2ERy_20_2E8Z11Z","Fatty acid biosynthesis (unsaturated)","Trans-2,3-enoyl-CoA reductase (CoA 20:3(2E,8Z,11Z))"
"R_FACOA2ERy_20_2E8Z11Z14Z","Omega-6 fatty acid metabolism","Trans-2,3-enoyl-CoA reductase (CoA 20:4(2E,8Z,11Z,14Z))"
"R_FACOA2ERy_20_2E9Z","Fatty acid biosynthesis (unsaturated)","Trans-2,3-enoyl-CoA reductase (CoA 20:2(2E,9Z))"
"R_FACOA2ERy_21_2E","Fatty acid elongation (odd-chain)","Trans-2,3-enoyl-CoA reductase (CoA 21:1(2E))"
"R_FACOA2ERy_22_2E","Fatty acid elongation (even-chain)","Trans-2,3-enoyl-CoA reductase (CoA 22:1(2E))"
"R_FACOA2ERy_22_2E10Z13Z16Z","Omega-6 fatty acid metabolism","Trans-2,3-enoyl-CoA reductase (CoA 22:4(2E,10Z,13Z,16Z))"
"R_FACOA2ERy_22_2E10Z13Z16Z19Z","Omega-3 fatty acid metabolism","Trans-2,3-enoyl-CoA reductase (CoA 22:5(2E,10Z,13Z,16Z,19Z))"
"R_FACOA2ERy_22_2E11Z","Fatty acid biosynthesis (unsaturated)","Trans-2,3-enoyl-CoA reductase (CoA 22:2(2E,11Z))"
"R_FACOA2ERy_22_2E13Z","Fatty acid biosynthesis (unsaturated)","Trans-2,3-enoyl-CoA reductase (CoA 22:2(2E,13Z))"
"R_FACOA2ERy_22_2E13Z16Z","Omega-6 fatty acid metabolism","Trans-2,3-enoyl-CoA reductase (CoA 22:3(2E,13Z,16Z))"
"R_FACOA2ERy_22_2E13Z16Z19Z","Omega-3 fatty acid metabolism","Trans-2,3-enoyl-CoA reductase (CoA 22:4(2E,13Z,16Z,19Z))"
"R_FACOA2ERy_22_2E7Z10Z13Z16Z","Omega-6 fatty acid metabolism","Trans-2,3-enoyl-CoA reductase (CoA 22:5(2E,7Z,10Z,13Z,16Z))"
"R_FACOA2ERy_22_2E7Z10Z13Z16Z19Z","Omega-3 fatty acid metabolism","Trans-2,3-enoyl-CoA reductase (CoA 22:6(2E,7Z,10Z,13Z,16Z,19Z))"
"R_FACOA2ERy_23_2E","Fatty acid elongation (odd-chain)","Trans-2,3-enoyl-CoA reductase (CoA 23:1(2E))"
"R_FACOA2ERy_24_2E","Fatty acid elongation (even-chain)","Trans-2,3-enoyl-CoA reductase (CoA 24:1(2E))"
"R_FACOA2ERy_24_2E12Z15Z18Z21Z","Omega-3 fatty acid metabolism","Trans-2,3-enoyl-CoA reductase (CoA 24:5(2E,12Z,15Z,18Z,21Z))"
"R_FACOA2ERy_24_2E15Z","Fatty acid biosynthesis (unsaturated)","Trans-2,3-enoyl-CoA reductase (CoA 24:2(2E,15Z))"
"R_FACOA2ERy_24_2E9Z12Z15Z18Z","Omega-6 fatty acid metabolism","Trans-2,3-enoyl-CoA reductase (CoA 24:5(2E,9Z,12Z,15Z,18Z))"
"R_FACOA2ERy_24_2E9Z12Z15Z18Z21Z","Omega-3 fatty acid metabolism","Trans-2,3-enoyl-CoA reductase (CoA 24:6(2E,9Z,12Z,15Z,18Z,21Z))"
"R_FACOA2ERy_26_2E","Fatty acid elongation (even-chain)","Trans-2,3-enoyl-CoA reductase (CoA 26:1(2E))"
"R_FACOA2ERy_26_2E17Z","Fatty acid biosynthesis (unsaturated)","Trans-2,3-enoyl-CoA reductase (CoA 26:2(2E,17Z))"
"R_FACOA3OHDH_16_3OH","Fatty acid elongation (even-chain)","3(R)-hydroxyacyl-CoA dehydratase (CoA 16:0;O)"
"R_FACOA3OHDH_17_3OH","Fatty acid elongation (odd-chain)","3(R)-hydroxyacyl-CoA dehydratase (CoA 17:0;O)"
"R_FACOA3OHDH_18_3OH","Fatty acid elongation (even-chain)","3(R)-hydroxyacyl-CoA dehydratase (CoA 18:0;O)"
"R_FACOA3OHDH_19_3OH","Fatty acid elongation (odd-chain)","3(R)-hydroxyacyl-CoA dehydratase (CoA 19:0;O)"
"R_FACOA3OHDH_20_11Z14Z17Z3OH","Omega-3 fatty acid metabolism","3(R)-hydroxyacyl-CoA dehydratase (CoA 20:3(11Z,14Z,17Z);O)"
"R_FACOA3OHDH_20_11Z14Z3OH","Omega-6 fatty acid metabolism","3(R)-hydroxyacyl-CoA dehydratase (CoA 20:2(11Z,14Z);O)"
"R_FACOA3OHDH_20_11Z3OH","Fatty acid biosynthesis (unsaturated)","3(R)-hydroxyacyl-CoA dehydratase (CoA 20:1(11Z);O)"
"R_FACOA3OHDH_20_13Z3OH","Fatty acid biosynthesis (unsaturated)","3(R)-hydroxyacyl-CoA dehydratase (CoA 20:1(13Z);O)"
"R_FACOA3OHDH_20_3OH","Fatty acid elongation (even-chain)","3(R)-hydroxyacyl-CoA dehydratase (CoA 20:0;O)"
"R_FACOA3OHDH_20_5Z8Z11Z14Z3OH","Omega-3 fatty acid metabolism","3(R)-hydroxyacyl-CoA dehydratase (CoA 20:4(8Z,11Z,14Z,17Z);O)"
"R_FACOA3OHDH_20_8Z11Z14Z3OH","Omega-6 fatty acid metabolism","3(R)-hydroxyacyl-CoA dehydratase (CoA 20:3(8Z,11Z,14Z);O)"
"R_FACOA3OHDH_20_8Z11Z3OH","Fatty acid biosynthesis (unsaturated)","3(R)-hydroxyacyl-CoA dehydratase (CoA 20:2(8Z,11Z);O)"
"R_FACOA3OHDH_20_9Z3OH","Fatty acid biosynthesis (unsaturated)","3(R)-hydroxyacyl-CoA dehydratase (CoA 20:1(9Z);O)"
"R_FACOA3OHDH_21_3OH","Fatty acid elongation (odd-chain)","3(R)-hydroxyacyl-CoA dehydratase (CoA 21:0;O)"
"R_FACOA3OHDH_22_10Z13Z16Z19Z3OH","Omega-3 fatty acid metabolism","3(R)-hydroxyacyl-CoA dehydratase (CoA 22:4(10Z,13Z,16Z,19Z);O)"
"R_FACOA3OHDH_22_10Z13Z16Z3OH","Omega-6 fatty acid metabolism","3(R)-hydroxyacyl-CoA dehydratase (CoA 22:3(10Z,13Z,16Z);O)"
"R_FACOA3OHDH_22_11Z3OH","Fatty acid biosynthesis (unsaturated)","3(R)-hydroxyacyl-CoA dehydratase (CoA 22:1(11Z);O)"
"R_FACOA3OHDH_22_13Z16Z19Z3OH","Omega-3 fatty acid metabolism","3(R)-hydroxyacyl-CoA dehydratase (CoA 22:3(13Z,16Z,19Z);O)"
"R_FACOA3OHDH_22_13Z16Z3OH","Omega-6 fatty acid metabolism","3(R)-hydroxyacyl-CoA dehydratase (CoA 22:2(13Z,16Z);O)"
"R_FACOA3OHDH_22_13Z3OH","Fatty acid biosynthesis (unsaturated)","3(R)-hydroxyacyl-CoA dehydratase (CoA 22:1(13Z);O)"
"R_FACOA3OHDH_22_3OH","Fatty acid elongation (even-chain)","3(R)-hydroxyacyl-CoA dehydratase (CoA 22:0;O)"
"R_FACOA3OHDH_22_7Z10Z13Z16Z19Z3OH","Omega-3 fatty acid metabolism","3(R)-hydroxyacyl-CoA dehydratase (CoA 22:5(7Z,10Z,13Z,16Z,19Z);O)"
"R_FACOA3OHDH_22_7Z10Z13Z16Z3OH","Omega-6 fatty acid metabolism","3(R)-hydroxyacyl-CoA dehydratase (CoA 22:4(7Z,10Z,13Z,16Z);O)"
"R_FACOA3OHDH_23_3OH","Fatty acid elongation (odd-chain)","3(R)-hydroxyacyl-CoA dehydratase (CoA 23:0;O)"
"R_FACOA3OHDH_24_12Z15Z18Z21Z3OH","Omega-3 fatty acid metabolism","3(R)-hydroxyacyl-CoA dehydratase (CoA 24:4(12Z,15Z,18Z,21Z);O)"
"R_FACOA3OHDH_24_15Z3OH","Fatty acid biosynthesis (unsaturated)","3(R)-hydroxyacyl-CoA dehydratase (CoA 24:1(15Z);O)"
"R_FACOA3OHDH_24_3OH","Fatty acid elongation (even-chain)","3(R)-hydroxyacyl-CoA dehydratase (CoA 24:0;O)"
"R_FACOA3OHDH_24_9Z12Z15Z18Z21Z3OH","Omega-3 fatty acid metabolism","3(R)-hydroxyacyl-CoA dehydratase (CoA 24:5(9Z,12Z,15Z,18Z,21Z);O)"
"R_FACOA3OHDH_24_9Z12Z15Z18Z3OH","Omega-6 fatty acid metabolism","3(R)-hydroxyacyl-CoA dehydratase (CoA 24:4(9Z,12Z,15Z,18Z);O)"
"R_FACOA3OHDH_26_17Z3OH","Fatty acid biosynthesis (unsaturated)","3(R)-hydroxyacyl-CoA dehydratase (CoA 26:1(17Z);O)"
"R_FACOA3OHDH_26_3OH","Fatty acid elongation (even-chain)","3(R)-hydroxyacyl-CoA dehydratase (CoA 26:0;O)"
"R_FACOA3ORy_16_3O","Fatty acid elongation (even-chain)","3-oxoacyl-CoA reductase (CoA 16:0;O)"
"R_FACOA3ORy_17_3O","Fatty acid elongation (odd-chain)","3-oxoacyl-CoA reductase (CoA 17:0;O)"
"R_FACOA3ORy_18_3O","Fatty acid elongation (even-chain)","3-oxoacyl-CoA reductase (CoA 18:0;O)"
"R_FACOA3ORy_19_3O","Fatty acid elongation (odd-chain)","3-oxoacyl-CoA reductase (CoA 19:0;O)"
"R_FACOA3ORy_20_11Z14Z17Z3O","Omega-3 fatty acid metabolism","3-oxoacyl-CoA reductase (CoA 20:3(11Z,14Z,17Z);O)"
"R_FACOA3ORy_20_11Z14Z3O","Omega-6 fatty acid metabolism","3-oxoacyl-CoA reductase (CoA 20:2(11Z,14Z);O)"
"R_FACOA3ORy_20_11Z3O","Fatty acid biosynthesis (unsaturated)","3-oxoacyl-CoA reductase (CoA 20:1(11Z);O)"
"R_FACOA3ORy_20_13Z3O","Fatty acid biosynthesis (unsaturated)","3-oxoacyl-CoA reductase (CoA 20:1(13Z);O)"
"R_FACOA3ORy_20_3O","Fatty acid elongation (even-chain)","3-oxoacyl-CoA reductase (CoA 20:0;O)"
"R_FACOA3ORy_20_5Z8Z11Z14Z3O","Omega-3 fatty acid metabolism","3-oxoacyl-CoA reductase (CoA 20:4(8Z,11Z,14Z,17Z);O)"
"R_FACOA3ORy_20_8Z11Z14Z3O","Omega-6 fatty acid metabolism","3-oxoacyl-CoA reductase (CoA 20:3(8Z,11Z,14Z);O)"
"R_FACOA3ORy_20_8Z11Z3O","Fatty acid biosynthesis (unsaturated)","3-oxoacyl-CoA reductase (CoA 20:2(8Z,11Z);O)"
"R_FACOA3ORy_20_9Z3O","Fatty acid biosynthesis (unsaturated)","3-oxoacyl-CoA reductase (CoA 20:1(9Z);O)"
"R_FACOA3ORy_21_3O","Fatty acid elongation (odd-chain)","3-oxoacyl-CoA reductase (CoA 21:0;O)"
"R_FACOA3ORy_22_10Z13Z16Z19Z3O","Omega-3 fatty acid metabolism","3-oxoacyl-CoA reductase (CoA 22:4(10Z,13Z,16Z,19Z);O)"
"R_FACOA3ORy_22_10Z13Z16Z3O","Omega-6 fatty acid metabolism","3-oxoacyl-CoA reductase (CoA 22:3(10Z,13Z,16Z);O)"
"R_FACOA3ORy_22_11Z3O","Fatty acid biosynthesis (unsaturated)","3-oxoacyl-CoA reductase (CoA 22:1(11Z);O)"
"R_FACOA3ORy_22_13Z16Z19Z3O","Omega-3 fatty acid metabolism","3-oxoacyl-CoA reductase (CoA 22:3(13Z,16Z,19Z);O)"
"R_FACOA3ORy_22_13Z16Z3O","Omega-6 fatty acid metabolism","3-oxoacyl-CoA reductase (CoA 22:2(13Z,16Z);O)"
"R_FACOA3ORy_22_13Z3O","Fatty acid biosynthesis (unsaturated)","3-oxoacyl-CoA reductase (CoA 22:1(13Z);O)"
"R_FACOA3ORy_22_3O","Fatty acid elongation (even-chain)","3-oxoacyl-CoA reductase (CoA 22:0;O)"
"R_FACOA3ORy_22_7Z10Z13Z16Z19Z3O","Omega-3 fatty acid metabolism","3-oxoacyl-CoA reductase (CoA 22:5(7Z,10Z,13Z,16Z,19Z);O)"
"R_FACOA3ORy_22_7Z10Z13Z16Z3O","Omega-6 fatty acid metabolism","3-oxoacyl-CoA reductase (CoA 22:4(7Z,10Z,13Z,16Z);O)"
"R_FACOA3ORy_23_3O","Fatty acid elongation (odd-chain)","3-oxoacyl-CoA reductase (CoA 23:0;O)"
"R_FACOA3ORy_24_12Z15Z18Z21Z3O","Omega-3 fatty acid metabolism","3-oxoacyl-CoA reductase (CoA 24:4(12Z,15Z,18Z,21Z);O)"
"R_FACOA3ORy_24_15Z3O","Fatty acid biosynthesis (unsaturated)","3-oxoacyl-CoA reductase (CoA 24:1(15Z);O)"
"R_FACOA3ORy_24_3O","Fatty acid elongation (even-chain)","3-oxoacyl-CoA reductase (CoA 24:0;O)"
"R_FACOA3ORy_24_9Z12Z15Z18Z21Z3O","Omega-3 fatty acid metabolism","3-oxoacyl-CoA reductase (CoA 24:5(9Z,12Z,15Z,18Z,21Z);O)"
"R_FACOA3ORy_24_9Z12Z15Z18Z3O","Omega-6 fatty acid metabolism","3-oxoacyl-CoA reductase (CoA 24:4(9Z,12Z,15Z,18Z);O)"
"R_FACOA3ORy_26_17Z3O","Fatty acid biosynthesis (unsaturated)","3-oxoacyl-CoA reductase (CoA 26:1(17Z);O)"
"R_FACOA3ORy_26_3O","Fatty acid elongation (even-chain)","3-oxoacyl-CoA reductase (CoA 26:0;O)"
"R_FACOAE_10_0","Acyl-CoA hydrolysis","Acyl CoA thioesterase (CoA 10:0)"
"R_FACOAE_11_0","Acyl-CoA hydrolysis","Acyl CoA thioesterase (CoA 11:0)"
"R_FACOAE_12_0","Acyl-CoA hydrolysis","Acyl CoA thioesterase (CoA 12:0)"
"R_FACOAE_13_0","Acyl-CoA hydrolysis","Acyl CoA thioesterase (CoA 13:0)"
"R_FACOAE_14_0","Acyl-CoA hydrolysis","Acyl CoA thioesterase (CoA 14:0)"
"R_FACOAE_14_5Z","Acyl-CoA hydrolysis","Acyl CoA thioesterase (CoA 14:1(5Z))"
"R_FACOAE_14_7Z","Acyl-CoA hydrolysis","Acyl CoA thioesterase (CoA 14:1(7Z))"
"R_FACOAE_14_9Z","Acyl-CoA hydrolysis","Acyl CoA thioesterase (CoA 14:1(9Z))"
"R_FACOAE_15_0","Acyl-CoA hydrolysis","Acyl CoA thioesterase (CoA 15:0)"
"R_FACOAE_16_0","Acyl-CoA hydrolysis","Acyl CoA thioesterase (CoA 16:0)"
"R_FACOAE_16_7Z","Acyl-CoA hydrolysis","Acyl CoA thioesterase (CoA 16:1(7Z))"
"R_FACOAE_16_9Z","Acyl-CoA hydrolysis","Acyl CoA thioesterase (CoA 16:1(9Z))"
"R_FACOAE_17_0","Acyl-CoA hydrolysis","Acyl CoA thioesterase (CoA 17:0)"
"R_FACOAE_17_10Z","Acyl-CoA hydrolysis","Acyl CoA thioesterase (CoA 17:1(10Z))"
"R_FACOAE_17_9Z","Acyl-CoA hydrolysis","Acyl CoA thioesterase (CoA 17:1(9Z))"
"R_FACOAE_18_0","Acyl-CoA hydrolysis","Acyl CoA thioesterase (CoA 18:0)"
"R_FACOAE_18_11Z","Acyl-CoA hydrolysis","Acyl CoA thioesterase (CoA 18:1(11Z))"
"R_FACOAE_18_13Z","Acyl-CoA hydrolysis","Acyl CoA thioesterase (CoA 18:1(13Z))"
"R_FACOAE_18_6Z9Z","Acyl-CoA hydrolysis","Acyl CoA thioesterase (CoA 18:2(6Z,9Z))"
"R_FACOAE_18_6Z9Z12Z","Acyl-CoA hydrolysis","Acyl CoA thioesterase (CoA 18:3(6Z, 9Z,12Z))"
"R_FACOAE_18_6Z9Z12Z15Z","Acyl-CoA hydrolysis","Acyl CoA thioesterase (CoA 18:4(6Z,9Z,12Z,15Z))"
"R_FACOAE_18_7Z","Acyl-CoA hydrolysis","Acyl CoA thioesterase (CoA 18:1(7Z))"
"R_FACOAE_18_9E","Acyl-CoA hydrolysis","Acyl CoA thioesterase (CoA 18:1(9E))"
"R_FACOAE_18_9Z","Acyl-CoA hydrolysis","Acyl CoA thioesterase (CoA 18:1(9Z))"
"R_FACOAE_18_9Z12Z","Acyl-CoA hydrolysis","Acyl CoA thioesterase (CoA 18:2(9Z,12Z))"
"R_FACOAE_18_9Z12Z15Z","Acyl-CoA hydrolysis","Acyl CoA thioesterase (CoA 18:3(9Z,12Z,15Z))"
"R_FACOAE_19_0","Acyl-CoA hydrolysis","Acyl CoA thioesterase (CoA 19:0)"
"R_FACOAE_2_0","Acyl-CoA hydrolysis","Acyl CoA thioesterase (CoA 2:0)"
"R_FACOAE_20_0","Acyl-CoA hydrolysis","Acyl CoA thioesterase (CoA 20:0)"
"R_FACOAE_20_11Z","Acyl-CoA hydrolysis","Acyl CoA thioesterase (CoA 20:1(11Z))"
"R_FACOAE_20_11Z14Z","Acyl-CoA hydrolysis","Acyl CoA thioesterase (CoA 20:2(11Z,14Z))"
"R_FACOAE_20_11Z14Z17Z","Acyl-CoA hydrolysis","Acyl CoA thioesterase (CoA 20:3(11Z,14Z,17Z))"
"R_FACOAE_20_13Z","Acyl-CoA hydrolysis","Acyl CoA thioesterase (CoA 20:1(13Z))"
"R_FACOAE_20_5Z8Z11Z","Acyl-CoA hydrolysis","Acyl CoA thioesterase (CoA 20:3(5Z,8Z,11Z))"
"R_FACOAE_20_5Z8Z11Z14Z","Acyl-CoA hydrolysis","Acyl CoA thioesterase (CoA 20:4(5Z,8Z,11Z,14Z))"
"R_FACOAE_20_5Z8Z11Z14Z17Z","Acyl-CoA hydrolysis","Acyl CoA thioesterase (CoA 20:5(5Z,8Z,11Z,14Z,17Z))"
"R_FACOAE_20_8Z11Z","Acyl-CoA hydrolysis","Acyl CoA thioesterase (CoA 20:2(8Z,11Z))"
"R_FACOAE_20_8Z11Z14Z","Acyl-CoA hydrolysis","Acyl CoA thioesterase (CoA 20:3(8Z,11Z,14Z))"
"R_FACOAE_20_8Z11Z14Z17Z","Acyl-CoA hydrolysis","Acyl CoA thioesterase (CoA 20:4(8Z,11Z,14Z,17Z))"
"R_FACOAE_20_9Z","Acyl-CoA hydrolysis","Acyl CoA thioesterase (CoA 20:1(9Z))"
"R_FACOAE_21_0","Acyl-CoA hydrolysis","Acyl CoA thioesterase (CoA 21:0)"
"R_FACOAE_22_0","Acyl-CoA hydrolysis","Acyl CoA thioesterase (CoA 22:0)"
"R_FACOAE_22_10Z13Z16Z","Acyl-CoA hydrolysis","Acyl CoA thioesterase (CoA 22:3(10Z,13Z,16Z))"
"R_FACOAE_22_10Z13Z16Z19Z","Acyl-CoA hydrolysis","Acyl CoA thioesterase (CoA 22:4(10Z,13Z,16Z,19Z))"
"R_FACOAE_22_11Z","Acyl-CoA hydrolysis","Acyl CoA thioesterase (CoA 22:1(11Z))"
"R_FACOAE_22_13Z","Acyl-CoA hydrolysis","Acyl CoA thioesterase (CoA 22:1(13Z))"
"R_FACOAE_22_13Z16Z","Acyl-CoA hydrolysis","Acyl CoA thioesterase (CoA 22:2(13Z,16Z))"
"R_FACOAE_22_13Z16Z19Z","Acyl-CoA hydrolysis","Acyl CoA thioesterase (CoA 22:3(13Z,16Z,19Z))"
"R_FACOAE_22_4Z7Z10Z13Z16Z","Acyl-CoA hydrolysis","Acyl CoA thioesterase (CoA 22:5(4Z,7Z,10Z,13Z,16Z))"
"R_FACOAE_22_4Z7Z10Z13Z16Z19Z","Acyl-CoA hydrolysis","Acyl CoA thioesterase (CoA 22:6(4Z,7Z,10Z,13Z,16Z,19Z))"
"R_FACOAE_22_7Z10Z13Z16Z","Acyl-CoA hydrolysis","Acyl CoA thioesterase (CoA 22:4(7Z,10Z,13Z,16Z))"
"R_FACOAE_22_7Z10Z13Z16Z19Z","Acyl-CoA hydrolysis","Acyl CoA thioesterase (CoA 22:5(7Z,10Z,13Z,16Z,19Z))"
"R_FACOAE_23_0","Acyl-CoA hydrolysis","Acyl CoA thioesterase (CoA 23:0)"
"R_FACOAE_24_0","Acyl-CoA hydrolysis","Acyl CoA thioesterase (CoA 24:0)"
"R_FACOAE_24_12Z15Z18Z21Z","Acyl-CoA hydrolysis","Acyl CoA thioesterase (CoA 24:4(12Z,15Z,18Z,21Z))"
"R_FACOAE_24_15Z","Acyl-CoA hydrolysis","Acyl CoA thioesterase (CoA 24:1(15Z))"
"R_FACOAE_24_6Z9Z12Z15Z18Z","Acyl-CoA hydrolysis","Acyl CoA thioesterase (CoA 24:5(6Z,9Z,12Z,15Z,18Z))"
"R_FACOAE_24_6Z9Z12Z15Z18Z21Z","Acyl-CoA hydrolysis","Acyl CoA thioesterase (CoA 24:6(6Z,9Z,12Z,15Z,18Z,21Z))"
"R_FACOAE_24_9Z12Z15Z18Z","Acyl-CoA hydrolysis","Acyl CoA thioesterase (CoA 24:4(9Z,12Z,15Z,18Z))"
"R_FACOAE_24_9Z12Z15Z18Z21Z","Acyl-CoA hydrolysis","Acyl CoA thioesterase (CoA 24:5(9Z,12Z,15Z,18Z,21Z))"
"R_FACOAE_26_0","Acyl-CoA hydrolysis","Acyl CoA thioesterase (CoA 26:0)"
"R_FACOAE_26_17Z","Acyl-CoA hydrolysis","Acyl CoA thioesterase (CoA 26:1(17Z))"
"R_FACOAE_3_0","Acyl-CoA hydrolysis","Acyl CoA thioesterase (CoA 3:0)"
"R_FACOAE_4_0","Acyl-CoA hydrolysis","Acyl CoA thioesterase (CoA 4:0)"
"R_FACOAE_5_0","Acyl-CoA hydrolysis","Acyl CoA thioesterase (CoA 5:0)"
"R_FACOAE_6_0","Acyl-CoA hydrolysis","Acyl CoA thioesterase (CoA 6:0)"
"R_FACOAE_7_0","Acyl-CoA hydrolysis","Acyl CoA thioesterase (CoA 7:0)"
"R_FACOAE_8_0","Acyl-CoA hydrolysis","Acyl CoA thioesterase (CoA 8:0)"
"R_FACOAE_9_0","Acyl-CoA hydrolysis","Acyl CoA thioesterase (CoA 9:0)"
"R_FACOAL_10_0","Fatty acid activation (cytosolic)","Fatty acid CoA ligase (CoA 10:0)"
"R_FACOAL_11_0","Fatty acid activation (cytosolic)","Fatty acid CoA ligase (CoA 11:0)"
"R_FACOAL_12_0","Fatty acid activation (cytosolic)","Fatty acid CoA ligase (CoA 12:0)"
"R_FACOAL_13_0","Fatty acid activation (cytosolic)","Fatty acid CoA ligase (CoA 13:0)"
"R_FACOAL_14_0","Fatty acid activation (cytosolic)","Fatty acid CoA ligase (CoA 14:0)"
"R_FACOAL_14_5Z","Fatty acid activation (cytosolic)","Fatty acid CoA ligase (CoA 14:1(5Z))"
"R_FACOAL_14_7Z","Fatty acid activation (cytosolic)","Fatty acid CoA ligase (CoA 14:1(7Z))"
"R_FACOAL_14_9Z","Fatty acid activation (cytosolic)","Fatty acid CoA ligase (CoA 14:1(9Z))"
"R_FACOAL_15_0","Fatty acid activation (cytosolic)","Fatty acid CoA ligase (CoA 15:0)"
"R_FACOAL_16_0","Fatty acid activation (cytosolic)","Fatty acid CoA ligase (CoA 16:0)"
"R_FACOAL_16_7Z","Fatty acid activation (cytosolic)","Fatty acid CoA ligase (CoA 16:1(7Z))"
"R_FACOAL_16_9Z","Fatty acid activation (cytosolic)","Fatty acid CoA ligase (CoA 16:1(9Z))"
"R_FACOAL_17_0","Fatty acid activation (cytosolic)","Fatty acid CoA ligase (CoA 17:0)"
"R_FACOAL_17_10Z","Fatty acid activation (cytosolic)","Fatty acid CoA ligase (CoA 17:1(10Z))"
"R_FACOAL_17_9Z","Fatty acid activation (cytosolic)","Fatty acid CoA ligase (CoA 17:1(9Z))"
"R_FACOAL_18_0","Fatty acid activation (cytosolic)","Fatty acid CoA ligase (CoA 18:0)"
"R_FACOAL_18_11Z","Fatty acid activation (cytosolic)","Fatty acid CoA ligase (CoA 18:1(11Z))"
"R_FACOAL_18_13Z","Fatty acid activation (cytosolic)","Fatty acid CoA ligase (CoA 18:1(13Z))"
"R_FACOAL_18_6Z9Z","Fatty acid activation (cytosolic)","Fatty acid CoA ligase (CoA 18:2(6Z,9Z))"
"R_FACOAL_18_6Z9Z12Z","Fatty acid activation (cytosolic)","Fatty acid CoA ligase (CoA 18:3(6Z, 9Z,12Z))"
"R_FACOAL_18_6Z9Z12Z15Z","Fatty acid activation (cytosolic)","Fatty acid CoA ligase (CoA 18:4(6Z,9Z,12Z,15Z))"
"R_FACOAL_18_7Z","Fatty acid activation (cytosolic)","Fatty acid CoA ligase (CoA 18:1(7Z))"
"R_FACOAL_18_9E","Fatty acid activation (cytosolic)","Fatty acid CoA ligase (CoA 18:1(9E))"
"R_FACOAL_18_9Z","Fatty acid activation (cytosolic)","Fatty acid CoA ligase (CoA 18:1(9Z))"
"R_FACOAL_18_9Z12Z","Fatty acid activation (cytosolic)","Fatty acid CoA ligase (CoA 18:2(9Z,12Z))"
"R_FACOAL_18_9Z12Z15Z","Fatty acid activation (cytosolic)","Fatty acid CoA ligase (CoA 18:3(9Z,12Z,15Z))"
"R_FACOAL_19_0","Fatty acid activation (cytosolic)","Fatty acid CoA ligase (CoA 19:0)"
"R_FACOAL_2_0","Fatty acid activation (cytosolic)","Fatty acid CoA ligase (CoA 2:0)"
"R_FACOAL_20_0","Fatty acid activation (cytosolic)","Fatty acid CoA ligase (CoA 20:0)"
"R_FACOAL_20_11Z","Fatty acid activation (cytosolic)","Fatty acid CoA ligase (CoA 20:1(11Z))"
"R_FACOAL_20_11Z14Z","Fatty acid activation (cytosolic)","Fatty acid CoA ligase (CoA 20:2(11Z,14Z))"
"R_FACOAL_20_11Z14Z17Z","Fatty acid activation (cytosolic)","Fatty acid CoA ligase (CoA 20:3(11Z,14Z,17Z))"
"R_FACOAL_20_13Z","Fatty acid activation (cytosolic)","Fatty acid CoA ligase (CoA 20:1(13Z))"
"R_FACOAL_20_5Z8Z11Z","Fatty acid activation (cytosolic)","Fatty acid CoA ligase (CoA 20:3(5Z,8Z,11Z))"
"R_FACOAL_20_5Z8Z11Z14Z","Fatty acid activation (cytosolic)","Fatty acid CoA ligase (CoA 20:4(5Z,8Z,11Z,14Z))"
"R_FACOAL_20_5Z8Z11Z14Z17Z","Fatty acid activation (cytosolic)","Fatty acid CoA ligase (CoA 20:5(5Z,8Z,11Z,14Z,17Z))"
"R_FACOAL_20_8Z11Z","Fatty acid activation (cytosolic)","Fatty acid CoA ligase (CoA 20:2(8Z,11Z))"
"R_FACOAL_20_8Z11Z14Z","Fatty acid activation (cytosolic)","Fatty acid CoA ligase (CoA 20:3(8Z,11Z,14Z))"
"R_FACOAL_20_8Z11Z14Z17Z","Fatty acid activation (cytosolic)","Fatty acid CoA ligase (CoA 20:4(8Z,11Z,14Z,17Z))"
"R_FACOAL_20_9Z","Fatty acid activation (cytosolic)","Fatty acid CoA ligase (CoA 20:1(9Z))"
"R_FACOAL_21_0","Fatty acid activation (cytosolic)","Fatty acid CoA ligase (CoA 21:0)"
"R_FACOAL_22_0","Fatty acid activation (cytosolic)","Fatty acid CoA ligase (CoA 22:0)"
"R_FACOAL_22_10Z13Z16Z","Fatty acid activation (cytosolic)","Fatty acid CoA ligase (CoA 22:3(10Z,13Z,16Z))"
"R_FACOAL_22_10Z13Z16Z19Z","Fatty acid activation (cytosolic)","Fatty acid CoA ligase (CoA 22:4(10Z,13Z,16Z,19Z))"
"R_FACOAL_22_11Z","Fatty acid activation (cytosolic)","Fatty acid CoA ligase (CoA 22:1(11Z))"
"R_FACOAL_22_13Z","Fatty acid activation (cytosolic)","Fatty acid CoA ligase (CoA 22:1(13Z))"
"R_FACOAL_22_13Z16Z","Fatty acid activation (cytosolic)","Fatty acid CoA ligase (CoA 22:2(13Z,16Z))"
"R_FACOAL_22_13Z16Z19Z","Fatty acid activation (cytosolic)","Fatty acid CoA ligase (CoA 22:3(13Z,16Z,19Z))"
"R_FACOAL_22_4Z7Z10Z13Z16Z","Fatty acid activation (cytosolic)","Fatty acid CoA ligase (CoA 22:5(4Z,7Z,10Z,13Z,16Z))"
"R_FACOAL_22_4Z7Z10Z13Z16Z19Z","Fatty acid activation (cytosolic)","Fatty acid CoA ligase (CoA 22:6(4Z,7Z,10Z,13Z,16Z,19Z))"
"R_FACOAL_22_7Z10Z13Z16Z","Fatty acid activation (cytosolic)","Fatty acid CoA ligase (CoA 22:4(7Z,10Z,13Z,16Z))"
"R_FACOAL_22_7Z10Z13Z16Z19Z","Fatty acid activation (cytosolic)","Fatty acid CoA ligase (CoA 22:5(7Z,10Z,13Z,16Z,19Z))"
"R_FACOAL_23_0","Fatty acid activation (cytosolic)","Fatty acid CoA ligase (CoA 23:0)"
"R_FACOAL_24_0","Fatty acid activation (cytosolic)","Fatty acid CoA ligase (CoA 24:0)"
"R_FACOAL_24_12Z15Z18Z21Z","Fatty acid activation (cytosolic)","Fatty acid CoA ligase (CoA 24:4(12Z,15Z,18Z,21Z))"
"R_FACOAL_24_15Z","Fatty acid activation (cytosolic)","Fatty acid CoA ligase (CoA 24:1(15Z))"
"R_FACOAL_24_6Z9Z12Z15Z18Z","Fatty acid activation (cytosolic)","Fatty acid CoA ligase (CoA 24:5(6Z,9Z,12Z,15Z,18Z))"
"R_FACOAL_24_6Z9Z12Z15Z18Z21Z","Fatty acid activation (cytosolic)","Fatty acid CoA ligase (CoA 24:6(6Z,9Z,12Z,15Z,18Z,21Z))"
"R_FACOAL_24_9Z12Z15Z18Z","Fatty acid activation (cytosolic)","Fatty acid CoA ligase (CoA 24:4(9Z,12Z,15Z,18Z))"
"R_FACOAL_24_9Z12Z15Z18Z21Z","Fatty acid activation (cytosolic)","Fatty acid CoA ligase (CoA 24:5(9Z,12Z,15Z,18Z,21Z))"
"R_FACOAL_26_0","Fatty acid activation (cytosolic)","Fatty acid CoA ligase (CoA 26:0)"
"R_FACOAL_26_17Z","Fatty acid activation (cytosolic)","Fatty acid CoA ligase (CoA 26:1(17Z))"
"R_FACOAL_3_0","Fatty acid activation (cytosolic)","Fatty acid CoA ligase (CoA 3:0)"
"R_FACOAL_4_0","Fatty acid activation (cytosolic)","Fatty acid CoA ligase (CoA 4:0)"
"R_FACOAL_5_0","Fatty acid activation (cytosolic)","Fatty acid CoA ligase (CoA 5:0)"
"R_FACOAL_6_0","Fatty acid activation (cytosolic)","Fatty acid CoA ligase (CoA 6:0)"
"R_FACOAL_7_0","Fatty acid activation (cytosolic)","Fatty acid CoA ligase (CoA 7:0)"
"R_FACOAL_8_0","Fatty acid activation (cytosolic)","Fatty acid CoA ligase (CoA 8:0)"
"R_FACOAL_9_0","Fatty acid activation (cytosolic)","Fatty acid CoA ligase (CoA 9:0)"
"R_FADL","Riboflavin metabolism","FAD-AMP lyase (cyclizing)"
"R_FADRy","Riboflavin metabolism","Flavin adenine dinucleotide reductase (NADPH)"
"R_FAt_16_0","Transport, extracellular","Transport of hexadecanoate (FA 16:0)"
"R_FAt_16_2E","Transport, extracellular","Transport of (2E)-hexadecenoate (FA 16:1(2E))"
"R_FAt_18_0","Transport, extracellular","Transport of octadecanoate (FA 18:0)"
"R_FAt_18_9Z","Transport, extracellular","Transport of (9Z)-octadecenoate (FA 18:1(9Z))"
"R_FAt_18_9Z12Z","Transport, extracellular","Transport of (9Z,12Z)-octadecadienoate (FA 18:2(9Z,12Z))"
"R_FAt_20_5Z8Z11Z14Z","Transport, extracellular","Transport of (5Z,8Z,11Z,14Z)-eicosatetraenoate (FA 20:4(5Z,8Z,11Z,14Z))"
"R_FAt_hs_10_0","Transport, extracellular","Transport of decanoate (FA 10:0)"
"R_FAt_hs_11_0","Transport, extracellular","Transport of undecanoate (FA 11:0)"
"R_FAt_hs_12_0","Transport, extracellular","Transport of dodecanoate (FA 12:0)"
"R_FAt_hs_13_0","Transport, extracellular","Transport of tridecanoate  (FA 13:0)"
"R_FAt_hs_14_0","Transport, extracellular","Transport of tetradecanoate (FA 14:0)"
"R_FAt_hs_14_5Z","Transport, extracellular","Transport of (5Z)-tetradecenoate (FA 14:1(5Z))"
"R_FAt_hs_14_7Z","Transport, extracellular","Transport of (7Z)-tetradecenoate (FA 14:1(7Z))"
"R_FAt_hs_14_9Z","Transport, extracellular","Transport of (9Z)-tetradecenoate (FA 14:1(9Z))"
"R_FAt_hs_15_0","Transport, extracellular","Transport of pentadecanoate (FA 15:0)"
"R_FAt_hs_16_7Z","Transport, extracellular","Transport of (7Z)-hexadecenoate  (FA 16:1(7Z))"
"R_FAt_hs_16_9Z","Transport, extracellular","Transport of (9Z)-hexadecenoate  (FA 16:1(9Z))"
"R_FAt_hs_17_0","Transport, extracellular","Transport of heptadecanoate (FA 17:0)"
"R_FAt_hs_17_10Z","Transport, extracellular","Transport of (10Z)-heptadecanoate (FA 17:1(10Z))"
"R_FAt_hs_17_9Z","Transport, extracellular","Transport of (9Z)-heptadecanoate (FA 17:1(9Z))"
"R_FAt_hs_18_11Z","Transport, extracellular","Transport of (11Z)-octadecenoate (FA 18:1(11Z))"
"R_FAt_hs_18_13Z","Transport, extracellular","Transport of (13Z)-octadecenoate (FA 18:1(13Z))"
"R_FAt_hs_18_6Z9Z","Transport, extracellular","Transport of (6Z,9Z)-octadecadienoate (FA 18:2(6Z,9Z))"
"R_FAt_hs_18_6Z9Z12Z","Transport, extracellular","Transport of (6Z,9Z,12Z)-octadecatrienoate (FA 18:3(6Z, 9Z,12Z))"
"R_FAt_hs_18_6Z9Z12Z15Z","Transport, extracellular","Transport of (6Z,9Z,12Z,15Z)-octadecatetraenoate (FA 18:4(6Z,9Z,12Z,15Z))"
"R_FAt_hs_18_7Z","Transport, extracellular","Transport of (7Z)-octadecanoate (FA 18:1(7Z))"
"R_FAt_hs_18_9E","Transport, extracellular","Transport of (9E)-octadecenoate (FA 18:1(9E))"
"R_FAt_hs_18_9Z12Z15Z","Transport, extracellular","Transport of (9Z,12Z,15Z)-octadecatrienoate (FA 18:3(9Z,12Z,15Z))"
"R_FAt_hs_19_0","Transport, extracellular","Transport of nonadecanoate (FA 19:0)"
"R_FAt_hs_20_0","Transport, extracellular","Transport of eicosanoate (FA 20:0)"
"R_FAt_hs_20_11Z","Transport, extracellular","Transport of (11Z)-eicosenoate (FA 20:1(11Z))"
"R_FAt_hs_20_11Z14Z","Transport, extracellular","Transport of (11Z,14Z)-eicosadienoate (FA 20:2(11Z,14Z))"
"R_FAt_hs_20_11Z14Z17Z","Transport, extracellular","Transport of (11Z,14Z,17Z)-eicosatrienoate (FA 20:3(11Z,14Z,17Z))"
"R_FAt_hs_20_13Z","Transport, extracellular","Transport of (13Z)-eicosenoate (FA 20:1(13Z))"
"R_FAt_hs_20_5Z8Z11Z","Transport, extracellular","Transport of (5Z,8Z,11Z)-eicosatrienoate (FA 20:3(5Z,8Z,11Z))"
"R_FAt_hs_20_5Z8Z11Z14Z17Z","Transport, extracellular","Transport of (5Z,8Z,11Z,14Z,17Z)-eicosapentaenoate (FA 20:5(5Z,8Z,11Z,14Z,17Z))"
"R_FAt_hs_20_8Z11Z","Transport, extracellular","Transport of (8Z,11Z)-eicosadienoate (FA 20:2(8Z,11Z))"
"R_FAt_hs_20_8Z11Z14Z","Transport, extracellular","Transport of (8Z,11Z,14Z)-eicosatrienoate (FA 20:3(8Z,11Z,14Z))"
"R_FAt_hs_20_8Z11Z14Z17Z","Transport, extracellular","Transport of (8Z,11Z,14Z,17Z)-eicosatetraenoate (FA 20:4(8Z,11Z,14Z,17Z))"
"R_FAt_hs_20_9Z","Transport, extracellular","Transport of (9Z)-eicosenoate (FA 20:1(9Z))"
"R_FAt_hs_21_0","Transport, extracellular","Transport of heneicosanoate (FA 21:0)"
"R_FAt_hs_22_0","Transport, extracellular","Transport of docosanoate (FA 22:0)"
"R_FAt_hs_22_10Z13Z16Z","Transport, extracellular","Transport of (10Z,13Z,16Z)-docosatrienoate (FA 22:3(10Z,13Z,16Z))"
"R_FAt_hs_22_10Z13Z16Z19Z","Transport, extracellular","Transport of (10Z,13Z,16Z,19Z)-docosatetraenoate (FA 22:4(10Z,13Z,16Z,19Z))"
"R_FAt_hs_22_11Z","Transport, extracellular","Transport of (11Z)-docosenoate (FA 22:1(11Z))"
"R_FAt_hs_22_13Z","Transport, extracellular","Transport of (13Z)-docosenoate (FA 22:1(13Z))"
"R_FAt_hs_22_13Z16Z","Transport, extracellular","Transport of (11Z)-docosenoate (FA 22:2(13Z,16Z))"
"R_FAt_hs_22_13Z16Z19Z","Transport, extracellular","Transport of (13Z,16Z,19Z)-docosatrienoate (FA 22:3(13Z,16Z,19Z))"
"R_FAt_hs_22_4Z7Z10Z13Z16Z","Transport, extracellular","Transport of (4Z,7Z,10Z,13Z,16Z)-docosapentaenoate (FA 22:5(4Z,7Z,10Z,13Z,16Z))"
"R_FAt_hs_22_4Z7Z10Z13Z16Z19Z","Transport, extracellular","Transport of (4Z,7Z,10Z,13Z,16Z,19Z)-docosahexaenoate (FA 22:6(4Z,7Z,10Z,13Z,16Z,19Z))"
"R_FAt_hs_22_7Z10Z13Z16Z","Transport, extracellular","Transport of (7Z,10Z,13Z,16Z)-docosatetraenoate (FA 22:4(7Z,10Z,13Z,16Z))"
"R_FAt_hs_22_7Z10Z13Z16Z19Z","Transport, extracellular","Transport of (7Z,10Z,13Z,16Z,19Z)-docosapentaenoate (FA 22:5(7Z,10Z,13Z,16Z,19Z))"
"R_FAt_hs_23_0","Transport, extracellular","Transport of tricosanoate (FA 23:0)"
"R_FAt_hs_24_0","Transport, extracellular","Transport of tetracosanoate(FA 24:0)"
"R_FAt_hs_24_12Z15Z18Z21Z","Transport, extracellular","Transport of (12Z,15Z,18Z,21Z)-tetracosatetraenoate (FA 24:4(12Z,15Z,18Z,21Z))"
"R_FAt_hs_24_15Z","Transport, extracellular","Transport of (15Z)-tetracosenoate (FA 24:1(15Z))"
"R_FAt_hs_24_6Z9Z12Z15Z18Z","Transport, extracellular","Transport of (6Z,9Z,12Z,15Z,18Z)-tetracosapentaenoate (FA 24:5(6Z,9Z,12Z,15Z,18Z))"
"R_FAt_hs_24_6Z9Z12Z15Z18Z21Z","Transport, extracellular","Transport of (6Z,9Z,12Z,15Z,18Z,21Z)-tetracosahexaenoate (FA 24:6(6Z,9Z,12Z,15Z,18Z,21Z))"
"R_FAt_hs_24_9Z12Z15Z18Z","Transport, extracellular","Transport of (9Z,12Z,15Z,18Z)-tetracosatetraenoate (FA 24:4(9Z,12Z,15Z,18Z))"
"R_FAt_hs_24_9Z12Z15Z18Z21Z","Transport, extracellular","Transport of (9Z,12Z,15Z,18Z,21Z)-tetracosapentaenoate (FA 24:5(9Z,12Z,15Z,18Z,21Z))"
"R_FAt_hs_26_0","Transport, extracellular","Transport of hexacosanoate (FA 26:0)"
"R_FAt_hs_26_17Z","Transport, extracellular","Transport of (17Z)-hexacosenoate (FA 26:1(17Z))"
"R_FAt_hs_3_0","Transport, extracellular","Transport of propanoate (FA 3:0)"
"R_FAt_hs_4_0","Transport, extracellular","Transport of butanoate (FA 4:0)"
"R_FAt_hs_5_0","Transport, extracellular","Transport of pentanoate (FA 5:0)"
"R_FAt_hs_6_0","Transport, extracellular","Transport of hexanoate (FA 6:0)"
"R_FAt_hs_7_0","Transport, extracellular","Transport of heptanoate (FA 7:0)"
"R_FAt_hs_8_0","Transport, extracellular","Transport of octanoate (FA 8:0)"
"R_FAt_hs_9_0","Transport, extracellular","Transport of nonanoate (FA 9:0)"
"R_FAWOXx_10_10OH","Fatty acid oxidation","Fatty acid omega oxidation (FA 10:0;O, NADH)"
"R_FAWOXx_10_10OXO","Fatty acid oxidation","Fatty acid omega oxidation (FA 10:1;O, NADH)"
"R_FAWOXx_12_12OH","Fatty acid oxidation","Fatty acid omega oxidation (FA 12:0;O, NADH)"
"R_FAWOXx_12_12OXO","Fatty acid oxidation","Fatty acid omega oxidation (FA 12:1;O, NADH)"
"R_FAWOXx_14_14OH","Fatty acid oxidation","Fatty acid omega oxidation (FA 14:0;O, NADH)"
"R_FAWOXx_14_14OXO","Fatty acid oxidation","Fatty acid omega oxidation (FA 14:1;O, NADH)"
"R_FAWOXx_16_016OH","Fatty acid oxidation","Fatty acid omega oxidation (FA 16:0;O, NADH)"
"R_FAWOXx_16_016OXO","Fatty acid oxidation","Fatty acid omega oxidation (FA 16:1;O, NADH)"
"R_FAWOXx_20_5Z8Z11Z14Z20OH","Fatty acid oxidation","Fatty acid omega oxidation (FA 20:4;O, NADH)"
"R_FAWOXx_20_5Z8Z11Z14Z20OXO","Fatty acid oxidation","Fatty acid omega oxidation (FA 20:5;O, NADH)"
"R_FAWOXx_22_22OH","Fatty acid oxidation","Fatty acid omega oxidation (FA 22:0;O, NADH)"
"R_FAWOXx_22_22OXO","Fatty acid oxidation","Fatty acid omega oxidation (FA 22:1;O, NADH)"
"R_FBA","Glycolysis / Gluconeogenesis","Fructose-bisphosphate aldolase"
"R_FBA2","Pentose phosphate pathway","Fructose-1-phosphate aldolase"
"R_FBA3","Pentose phosphate pathway","Sedoheptulose 1,7-bisphosphate aldolase"
"R_FBA6","Pentose phosphate pathway","Octulose 1,8-diphosphate aldolase"
"R_FCYTOB5OXR","Nicotinate and nicotinamide metabolism","NADH-cytochrome b5 reductase"
"R_FE2_2HCO3t","Transport, extracellular","Iron (II):bicarbonate symport (1:2)"
"R_FE2DMT1t","Transport, extracellular","Iron (II) transport via H+ symport (1:1)"
"R_FE2H2O2X","Reactive species formation and detoxification","Oxidation of iron (II) via hydrogen peroxide"
"R_FE2H2O2Xe","Reactive species formation and detoxification","Oxidation of iron (II) via hydrogen peroxide"
"R_FE2O2OX","Reactive species formation and detoxification","Oxidation of Iron (II) via O2"
"R_FE2O2OXe","Reactive species formation and detoxification","Oxidation of Iron (II) via O2"
"R_FE2PHEMEABCte","Transport, extracellular","ATP-binding Cassette (ABC) export of protoheme"
"R_FE2PHEMEOX","Porphyrin metabolism","Oxidation of heme (II) to hematin via O2"
"R_FE2t","Transport, extracellular","Iron (II) export"
"R_FE3RD","Reactive species formation and detoxification","Iron(III):NADP+ oxidoreductase"
"R_FE3t","Transport, extracellular","Iron (III) uptake via transferrin"
"R_FEROX","Porphyrin metabolism","Ferroxidase (Frataxin)"
"R_FEROXe","Porphyrin metabolism","Ferroxidase (ceruloplasmin)"
"R_FISC","Reactive species formation and detoxification","Ferritin iron-storage complex"
"R_FK","Fructose and mannose metabolism","L-fucose kinase"
"R_FKYNH","Phenylalanine, tyrosine and tryptophan metabolism","Arylformamidase"
"R_FLDPP","Peptide metabolism","L-phenylalanyl-L-leucine dipeptidase"
"R_FLVRy","Riboflavin metabolism","Riboflavin reductase (NADPH)"
"R_FMNAT","Riboflavin metabolism","FMN adenylyltransferase"
"R_FMNPH","Riboflavin metabolism","Flavin mononucleotide phosphohydrolase"
"R_FMNRy","Riboflavin metabolism","Flavin mononucleotide reductase (NADPH)"
"R_FOR_Cltex","Transport, extracellular","Transport of formate via chloride antiport"
"R_FPDPP","Peptide metabolism","L-phenylalanyl-L-proline dipeptidase"
"R_FRNSL2E6EDH","Cholesterol metabolism","farnesal dehydrogenase"
"R_FRU3K","Fructose and mannose metabolism","Fructose 3-kinase"
"R_FRUt1r","Transport, extracellular","Transport of D-fructose  via facilitated diffusion"
"R_FTHFL","Folate metabolism","Formate-tetrahydrofolate ligase"
"R_FUM","Tricarboxylic acid cycle and glyoxylate/dicarboxylate metabolism","Fumarase"
"R_FUMAC","Phenylalanine, tyrosine and tryptophan metabolism","Fumarylacetoacetase (4-fumarylacetoacetate)"
"R_FUMAC2","Phenylalanine, tyrosine and tryptophan metabolism","Fumarylacetoacetase (Succinyl-Acetoacetate)"
"R_FUMtr","Transport, extracellular","Fumarate transport via diffusion (reversible)"
"R_FUTGAL2A","Glycosphingolipid biosynthesis - lacto and neolacto series","Fucosyltransferase"
"R_FUTGLOBO1","Glycosphingolipid biosynthesis - globo and isoglobo series","Fucosyltransferase"
"R_FUTINLC8CER1","Glycosphingolipid biosynthesis - lacto and neolacto series","Fucosyltransferase"
"R_FUTINLC8CER2","Glycosphingolipid biosynthesis - lacto and neolacto series","Fucosyltransferase"
"R_FUTLC4CER","Glycosphingolipid biosynthesis - lacto and neolacto series","Fucosyltransferase"
"R_FUTLC5CER","Glycosphingolipid biosynthesis - lacto and neolacto series","Fucosyltransferase"
"R_FUTNLC5CER","Glycosphingolipid biosynthesis - lacto and neolacto series","Fucosyltransferase"
"R_FUTNLC6CER","Glycosphingolipid biosynthesis - lacto and neolacto series","Fucosyltransferase"
"R_FUTNLC7CER","Glycosphingolipid biosynthesis - lacto and neolacto series","Fucosyltransferase"
"R_FUTPGBSIDE","Glycosphingolipid biosynthesis - lacto and neolacto series","Fucosyltransferase"
"R_FYDPP","Peptide metabolism","L-phenylalanyl-L-tyrosine dipeptidase"
"R_G16BPS1","Starch and sucrose metabolism","Glucose-1,6-bisphosphate synthase (glucose 1-phosphate)"
"R_G16BPS2","Starch and sucrose metabolism","Glucose-1,6-bisphosphate synthase (glucose 6-phosphate)"
"R_G1PPa","Glycolysis / Gluconeogenesis","D-glucose 1-phosphate phosphatase"
"R_G3PP","Glycerolipid metabolism","Glycerol-3-phosphatase"
"R_G5SAD","Arginine and proline metabolism","Nonenzymatic dehydration of L-Glutamate 5-semialdehyde"
"R_G6PDA","Amino sugar and nucleotide sugar metabolism","Glucosamine-6-phosphate deaminase"
"R_G6PDH2","Pentose phosphate pathway","Glucose 6-phosphate dehydrogenase"
"R_G6PM","Glycolysis / Gluconeogenesis","Glucose-6-phosphate isomerase (anomerization)"
"R_GACMTR","Arginine and proline metabolism","Guanidinoacetate N-methyltransferase"
"R_GAL_bDt","Transport, extracellular","Transport of beta-D-galactose"
"R_GAL_Dt","Transport, extracellular","Transport of alpha-D-galactose"
"R_GAL1PP","Galactose metabolism","alpha-D-galactose 1-phosphatase"
"R_GALK","Galactose metabolism","Galactokinase"
"R_GALM","Galactose metabolism","Aldose 1-epimerase (beta-D-galactose)"
"R_GALOR","Galactose metabolism","D-Galactose:NADP+ 1-oxidoreductase"
"R_GALT","Galactose metabolism","UTP--glucose-1-phosphate uridylyltransferase"
"R_GALTt","Transport, extracellular","Transport of galacticol"
"R_GALU","Galactose metabolism","UTP--glucose-1-phosphate uridylyltransferase"
"R_GAMt1r","Transport, extracellular","Transport of glucosamine  via facilitated diffusion"
"R_GAPD","Glycolysis / Gluconeogenesis","Glyceraldehyde-3-phosphate dehydrogenase"
"R_GAPP","Glycerolipid metabolism","Glyceraldehyde-3-phosphate phosphatase"
"R_GARFT","Purine metabolism","Phosphoribosylglycinamide formyltransferase"
"R_GCHOGTHABCte","Transport, extracellular","ATP-binding Cassette (ABC) export of glycocholate with glutathione cotransport"
"R_GCHOLAte","Transport, extracellular","Transport of glycocholate"
"R_GDCHOGTHABCte","Transport, extracellular","ATP-binding Cassette (ABC) export of glycodeoxycholate with glutathione cotransport"
"R_GDCHOLAte","Transport, extracellular","Transport of glycodeoxycholate"
"R_GFDPP","Peptide metabolism","L-glycyl-L-phenylalanine dipeptidase"
"R_GFUCSx","Fructose and mannose metabolism","GDP-L-fucose synthase (NADH)"
"R_GFUCSy","Fructose and mannose metabolism","GDP-L-fucose synthase (NADPH)"
"R_GGCLUT2","Glutathione metabolism","Glutathione-specific gamma-glutamylcyclotransferase"
"R_GGDPP","Peptide metabolism","L-glycyl-L-glycine dipeptidase"
"R_GGLUCT2ABUT","Cysteine and methionine metabolism","Gamma-glutamylcyclotransferase (2-aminobutanoate)"
"R_GGLUCTC","Glutathione metabolism","Gamma-glutamylcyclotransferase (L-cysteine)"
"R_GGNG","Starch and sucrose metabolism","Glycogenin self-glucosylation (G --> G8)"
"R_GGT2","Protein modification","Geranylgeranyl transferase type-2"
"R_GHBDHy","Arginine and proline metabolism","Gamma-hydroxybutyrate dehydrogenase (NADPH)"
"R_GHMT2","Folate metabolism","5,10-Methylene-tetrahydrofolate:glycine hydroxymethyltransferase"
"R_GHMT3","Lysine metabolism","Glycine hydroxymethyltransferase"
"R_GHMT4","Folate metabolism","5,10-Methenyl-tetrahydrofolate:glycine hydroxymethyltransferase"
"R_GK1","Purine metabolism","Guanylate kinase (ATP:GMP)"
"R_GK2","Purine metabolism","Guanylate kinase (dATP:GMP)"
"R_GK3","Purine metabolism","Guanylate kinase (ATP:IMP)"
"R_GLACOx","Ascorbate and aldarate metabolism","D-Glucuronolactone:NAD + oxidoreductase"
"R_GLBRAN","Starch and sucrose metabolism","4-alpha-glucanotransferase (G11 --> G4G7)"
"R_GLC_aDt","Transport, extracellular","Transport of alpha-D-glucose"
"R_GLC_Dt","Transport, extracellular","Transport of beta-D-glucose"
"R_GLCM","Glycolysis / Gluconeogenesis","Aldose 1-epimerase (Glucose)"
"R_GLCNte","Transport, extracellular","Transport of D-Gluconate"
"R_GLDBRAN","Starch and sucrose metabolism","4-alpha-glucanotransferase (G4G7 --> G7G1)"
"R_GLDPP","Peptide metabolism","L-glycyl-L-leucine dipeptidase"
"R_GLGNS1","Starch and sucrose metabolism","Glycogen synthase (G8 --> G11)"
"R_GLNADMARGNaEx","Transport, extracellular","L-glutamine/Asymmetric N(omega),N(omega)-dimethyl-L-arginine Na-dependent exchange (Gln-L in)"
"R_GLNALANaEx","Transport, extracellular","L-glutamine/L-alanine Na-dependent exchange (Gln-L in)"
"R_GLNARGNaEx","Transport, extracellular","L-glutamine/L-arginine Na-dependent exchange (Gln-L in)"
"R_GLNASNNaEx","Transport, extracellular","L-glutamine/L-asparagine Na-dependent exchange (Gln-L in)"
"R_GLNCITRNaEx","Transport, extracellular","L-glutamine/L-citrulline Na-dependent exchange (Gln-L in)"
"R_GLNCYSNaEx","Transport, extracellular","L-glutamine/L-cysteine Na-dependent exchange (Gln-L in)"
"R_GLNGLYex","Transport, extracellular","L-glutamine/Glycine exchange"
"R_GLNILEex","Transport, extracellular","L-glutamine/L-isoleucine exchange"
"R_GLNLEUex","Transport, extracellular","L-glutamine/L-leucine exchange"
"R_GLNLYSNaEx","Transport, extracellular","L-glutamine/L-arginine Na-dependent exchange (Gln-L in)"
"R_GLNMETex","Transport, extracellular","L-glutamine/L-methionine exchange"
"R_GLNMMARGNaEx","Transport, extracellular","L-glutamine/N(omega)-methyl-L-arginine Na-dependent exchange (Gln-L in)"
"R_GLNNaHtex","Transport, extracellular","L-glutamine Na-dependent symport"
"R_GLNORNNaEx","Transport, extracellular","L-glutamine/L-ornithine Na-dependent exchange (Gln-L in)"
"R_GLNPHEex","Transport, extracellular","L-glutamine/L-phenylalanine exchange"
"R_GLNPROex","Transport, extracellular","L-glutamine/L-proline exchange"
"R_GLNS","Alanine, aspartate and glutamate metabolism","Glutamine synthetase"
"R_GLNSERex","Transport, extracellular","L-glutamine/L-serine exchange"
"R_GLNSERNaEx","Transport, extracellular","L-glutamine/L-serine Na-dependent exchange (Gln-L in)"
"R_GLNtec","Transport, extracellular","L-glutamine transport via facilitated diffusion"
"R_GLNTHRex","Transport, extracellular","L-glutamine/L-threonine exchange"
"R_GLNTHRNaEx","Transport, extracellular","L-glutamine/L-threonine Na-dependent exchange (Gln-L in)"
"R_GLNTRPex","Transport, extracellular","L-glutamine/L-tyrptophan exchange"
"R_GLNTRS","Aminoacyl-tRNA biosynthesis","L-Glutamine:tRNA(Gln) ligase (AMP-forming)"
"R_GLNTYRex","Transport, extracellular","L-glutamine/L-tyrosine exchange"
"R_GLNVALex","Transport, extracellular","L-glutamine/L-valine exchange"
"R_GLOBINRCCL","Hemoglobin binding and degradation","Covalent crosslinking of globin cation radicals"
"R_GLPASE1","Starch and sucrose metabolism","Glycogen phosphorylase (G4G7 --> G4G4)"
"R_GLPASE2","Starch and sucrose metabolism","Glycogen phosphorylase (G7 --> G)"
"R_GLU2ABUTS","Cysteine and methionine metabolism","Gamma-glutamylcysteine synthetase (2-aminobutanoate)"
"R_GLUCYS","Glutathione metabolism","Gamma-glutamylcysteine synthetase"
"R_GLUN","Alanine, aspartate and glutamate metabolism","Glutaminase"
"R_GLUNaHKtex","Transport, extracellular","L-glutamate uptake via Na+:H+ symport and K+ antiport"
"R_GLUte","Transport, extracellular","Efflux of glutamate via facilited diffusion"
"R_GLUTRS","Aminoacyl-tRNA biosynthesis","L-glutamate:tRNA(Glu) ligase (AMP-forming)"
"R_GLXCLtex","Transport, extracellular","Transport of glyoxylate via chloride antiport"
"R_GLXO1","Tricarboxylic acid cycle and glyoxylate/dicarboxylate metabolism","Glyoxylate oxidase"
"R_GLY_Cl_2Nat","Transport, extracellular","Glycine transport via Na:Cl cotransport(2:1:1)"
"R_GLY_Cltex","Transport, extracellular","Glycine anion:H+ cotransport via chloride antiport"
"R_GLYADMARGNaEx","Transport, extracellular","L-glycine/Asymmetric N(omega),N(omega)-dimethyl-L-arginine Na-dependent exchange (Gly in)"
"R_GLYALANaEx","Transport, extracellular","Glycine/L-alanine Na-dependent exchange (Gly in)"
"R_GLYALDD","Glycerolipid metabolism","D-glyceraldehyde dehydrogenase"
"R_GLYAMDTRc","Arginine and proline metabolism","Glycine amidinotransferase"
"R_GLYARGNaEx","Transport, extracellular","L-glycine/L-arginine Na-dependent exchange (Gly in)"
"R_GLYBNatex","Transport, extracellular","Transport of betaine via sodium symport"
"R_GLYC_Rt","Transport, extracellular","(R)-glycerate transport"
"R_GLYC_St","Transport, extracellular","(S)-glycerate transport"
"R_GLYCITRNaEx","Transport, extracellular","L-glycine/L-citrulline Na-dependent exchange (Gly in)"
"R_GLYCLTDx","Tricarboxylic acid cycle and glyoxylate/dicarboxylate metabolism","Glyoxylate reductase (NADH)"
"R_GLYCLTDy","Tricarboxylic acid cycle and glyoxylate/dicarboxylate metabolism","Glyoxylate reductase (NADPH)"
"R_GLYCLTt2","Transport, extracellular","Glycolate transport via proton symport"
"R_GLYCt","Transport, extracellular","Transport of glycerol"
"R_GLYCTCLtex","Transport, extracellular","Transport of glyoxylate via chloride antiport"
"R_GLYILEex","Transport, extracellular","Glycine/L-isoleucine exchange"
"R_GLYLEUex","Transport, extracellular","Glycine/L-leucine exchange"
"R_GLYLYSNaEx","Transport, extracellular","L-glycine/L-arginine Na-dependent exchange (Gly in)"
"R_GLYMETex","Transport, extracellular","Glycine/L-methionine exchange"
"R_GLYMMARGNaEx","Transport, extracellular","L-glycine/N(omega)-methyl-L-arginine Na-dependent exchange (Gly in)"
"R_GLYORNNaEx","Transport, extracellular","L-glycine/L-ornithine Na-dependent exchange (Gly in)"
"R_GLYOX","Pyruvate metabolism","Hydroxyacylglutathione hydrolase"
"R_GLYPHEex","Transport, extracellular","Glycine/L-phenylalanine exchange"
"R_GLYPROex","Transport, extracellular","Glycine/L-proline exchange"
"R_GLYSERex","Transport, extracellular","Glycine/L-serine exchange"
"R_GLYtec","Transport, extracellular","Glycine transport via facilitated diffusion (extracellular to cytosol)"
"R_GLYTHRex","Transport, extracellular","Glycine/L-threonine exchange"
"R_GLYTRPex","Transport, extracellular","Glycine/L-tyrptophan exchange"
"R_GLYTRS","Aminoacyl-tRNA biosynthesis","glycine:tRNA(Gly) ligase (AMP-forming)"
"R_GLYTYRex","Transport, extracellular","Glycine/L-tyrosine exchange"
"R_GLYVALex","Transport, extracellular","Glycine/L-valine exchange"
"R_GMAND","Fructose and mannose metabolism","GDP-D-mannose dehydratase"
"R_GMPR","Purine metabolism","GMP reductase"
"R_GMPS","Purine metabolism","GMP synthase"
"R_GMPS2","Purine metabolism","GMP synthase"
"R_GND","Pentose phosphate pathway","Phosphogluconate dehydrogenase"
"R_GNK","Pentose phosphate pathway","Gluconokinase"
"R_GOATA","Alanine, aspartate and glutamate metabolism","L-glutamine transaminase"
"R_GP4AH1","Nucleotide metabolism","Bis(5'-nucleosyl)-tetraphosphatase [asymmetrical] (ATP)"
"R_GPAT","Glycerolipid metabolism","Glycerol-3-phosphate acyltransferase (CoA)"
"R_GPDDA1","Glycerophospholipid metabolism","Glycerophosphodiester phosphodiesterase (Glycerophosphocholine)"
"R_GPDDA2","Glycerophospholipid metabolism","Glycerophosphodiester phosphodiesterase (glycerophosphoethanolamine)"
"R_GPDDA3","Glycerophospholipid metabolism","Glycerophosphodiester phosphodiesterase (glycerophosphoinositol)"
"R_GPDDA5","Glycerophospholipid metabolism","Glycerophosphodiester phosphodiesterase (glycerophosphoinositol)"
"R_GPDDA6","Glycerophospholipid metabolism","N-acyl-sn-glycero-3-phosphoethanolamine (LNAPE) lysophospholipase D"
"R_GPDPP","Peptide metabolism","Glycyl-L-proline dipeptidase"
"R_GRDX2CGTHR","Glutathione metabolism","Reduction of glutaredoxin (2-cys) via glutathione"
"R_GRDX2CGTHRDG","Glutathione metabolism","Deglutathionylation of glutaredoxin (2-cys) via  glutathione"
"R_GRTT","Cholesterol metabolism","Geranyltranstransferase"
"R_GSNt","Transport, extracellular","Guanosine transport via facilitated diffusion"
"R_GTHDH","Ascorbate and aldarate metabolism","Dehydroascorbate reductase (Glutathione)"
"R_GTHGLXTA","Glutathione metabolism","Glutathione:glyoxylate transaminase"
"R_GTHLEUKTRA4","Leukotriene metabolism","Glutathione conjugation to leukotriene A4"
"R_GTHLEUKTRA5","Leukotriene metabolism","Glutathione conjugation to leukotriene A5"
"R_GTHNHOHD","Reactive species formation and detoxification","Nonenzymatic formation of glutathione sulfinamide"
"R_GTHNOABCte","Transport, extracellular","ATP-binding Cassette (ABC) export of S-nitrosoglutathione"
"R_GTHNOCOAT","Reactive species formation and detoxification","Nitrosylation of CoA via S-nitrosoglutathione"
"R_GTHNODN","Reactive species formation and detoxification","Denitrosylation of glutathione via glutaredoxin (2-cys)"
"R_GTHNOH2HYD","Reactive species formation and detoxification","Nonenzymatic hydrolysis of glutathione sulfinamide"
"R_GTHNOH2RD","Reactive species formation and detoxification","Nonenzymatic formation glutathione disulfide and hydroxylamine"
"R_GTHNORDx","Reactive species formation and detoxification","S-nitrosoglutathione reductase"
"R_GTHNORDy","Reactive species formation and detoxification","S-nitrosoglutathione reductase"
"R_GTHOx","Glutathione metabolism","Glutathione oxidoreductase (NADH)"
"R_GTHOXABCte","Transport, extracellular","ATP-binding Cassette (ABC) export of oxidized glutathione"
"R_GTHOXATA","Glutathione metabolism","Glutathione:oxaloacetate transaminase"
"R_GTHOy","Glutathione metabolism","Glutathione oxidoreductase (NADPH)"
"R_GTHP","Glutathione metabolism","Glutathione peroxidase"
"R_GTHS","Glutathione metabolism","Glutathione synthetase (Gamma-L-glutamyl-L-cysteine)"
"R_GTHS2","Cysteine and methionine metabolism","Glutathione synthetase (Gamma-L-glutamyl-L-alpha-aminobutyrate)"
"R_GTPCH1","Biopterin metabolism","GTP 8,9-hydrolase"
"R_GTPCH2","Biopterin metabolism","formamidopyrimidine nucleoside triphosphate amidohydrolase"
"R_GTPCH3","Biopterin metabolism","2,5-diaminopyrimidine nucleoside triphosphate mutase"
"R_GTPCH4","Biopterin metabolism","2-amino-4-hydroxy-6-(erythro-1,2,3-trihydroxypropyl) dihydropteridine triphosphate hydrolase"
"R_GUACYC","Purine metabolism","Guanylate cyclase"
"R_GUACYC2","Purine metabolism","Guanylate cyclase (ITP)"
"R_GUAPRT","Purine metabolism","Guanine phosphoribosyltransferase"
"R_GUAt","Transport, extracellular","Guanine transport via facilitated diffusion"
"R_GUDCHOGTHABCte","Transport, extracellular","ATP-binding Cassette (ABC) export of glycoursodeoxycholate with glutathione cotransport"
"R_GUDCHOLAte","Transport, extracellular","Transport of glycoursodeoxycholate"
"R_GULN3D","Pentose and glucuronate interconversions","L-gulonate 3-dehydrogenase"
"R_GULND","Pentose and glucuronate interconversions","D-glucuronate dehydrogenase"
"R_GWDPP","Peptide metabolism","L-glycyl-L-tryptophan dipeptidase"
"R_H_2Clt","Transport, extracellular","H( + )/Cl(-) exchange transporter"
"R_H2O2t","Transport, extracellular","Transport of hydrogen peroxide"
"R_H2Ot","Transport, extracellular","Transport of H2O"
"R_H2Sc","Sulfur metabolism","Deprotonation of hydrogen suflide"
"R_H2Se","Sulfur metabolism","Deprotonation of hydrogen suflide"
"R_H2SMT","Sulfur metabolism","S-adenosyl-L-methioninehydrogen sulfide S-methyltransferase"
"R_H2St","Transport, extracellular","Transport of hydrogen suflide via passive diffusion"
"R_H2SUCCt","Transport, extracellular","Transport of succinate via proton symport"
"R_HB23DPGB","Hemoglobin binding and degradation","Deoxyhemoglobin binding to 2,3-diphosphoglycerate"
"R_HBCOB","Hemoglobin binding and degradation","Carbon monoxide binding to hemoglobin"
"R_HBFE4OAR","Hemoglobin binding and degradation","Autoreduction of oxoferrylhemoglobin"
"R_HBFE4OCPP","Hemoglobin binding and degradation","Comproportionation between oxoferrylhemoglobin and oxyhemoglobin"
"R_HBFE4OPX","Hemoglobin binding and degradation","Peroxidation of oxoferrylhemoglobin"
"R_HBFE4ORPX","Hemoglobin binding and degradation","Peroxidation of oxoferrylhemoglobin cation radical"
"R_HBGLYC","Hemoglobin binding and degradation","Hemoglobin glycation"
"R_HBNO2R","Hemoglobin binding and degradation","Nitrite reductase via deoxyhemoglobin"
"R_HBNONT","Hemoglobin binding and degradation","Nitrosylation of deoxyhemoglobin"
"R_HBNOOXDNT","Hemoglobin binding and degradation","Oxidative denitrosylation of hemoglobin"
"R_HBO2B1","Hemoglobin binding and degradation","Oxyhemoglobin binding"
"R_HBO2B2","Hemoglobin binding and degradation","Oxyhemoglobin binding (Protonated Carbamino Hemoglobin)"
"R_HCO3_Cltex","Transport, extracellular","Bicarbonate transport (Cl-/HCO3- exchange)"
"R_HCO3E","Miscellaneous","HCO3 equilibration reaction"
"R_HCO3Ee","Miscellaneous","HCO3 equilibration reaction (extracellular)"
"R_HCYSADMARGNaEx","Transport, extracellular","L-homocysteine/Asymmetric N(omega),N(omega)-dimethyl-L-arginine Na-dependent exchange (Cys-L in)"
"R_HCYSALANaEx","Transport, extracellular","L-homocysteine/L-alanine Na-dependent exchange (Cys-L in)"
"R_HCYSARGNaEx","Transport, extracellular","L-homocysteine/L-arginine Na-dependent exchange (Cys-L in)"
"R_HCYSCITRNaEx","Transport, extracellular","L-homocysteine/L-citrulline Na-dependent exchange (Cys-L in)"
"R_HCYSLYSNaEx","Transport, extracellular","L-homocysteine/L-arginine Na-dependent exchange (Cys-L in)"
"R_HCYSMMARGNaEx","Transport, extracellular","L-homocysteine/N(omega)-methyl-L-arginine Na-dependent exchange (Cys-L in)"
"R_HCYSORNNaEx","Transport, extracellular","L-proline/L-ornithine Na-dependent exchange (Pro-L in)"
"R_HCYSSERNaEx","Transport, extracellular","L-homocysteine/L-serine Na-dependent exchange (Cys-L in)"
"R_HCYSte","Transport, extracellular","L-homocysteine transport via facilitated diffusion (extracellular to cytosol)"
"R_HCYSTHRNaEx","Transport, extracellular","L-homocysteine/L-threonine Na-dependent exchange (Cys-L in)"
"R_HCYSTRDX","Cysteine and methionine metabolism","Thioredoxin:L-homocystine oxidoreductase"
"R_HDHA10te","Transport, extracellular","Transport of 10-HDHA via diffusion"
"R_HDHA11te","Transport, extracellular","Transport of 11-HDHA via diffusion"
"R_HDHA13te","Transport, extracellular","Transport of 13-HDHA via diffusion"
"R_HDHA14te","Transport, extracellular","Transport of 14-HDHA via diffusion"
"R_HDHA16te","Transport, extracellular","Transport of 16-HDHA via diffusion"
"R_HDHA17te","Transport, extracellular","Transport of 17-HDHA via diffusion"
"R_HDHA20te","Transport, extracellular","Transport of 20-HDHA via diffusion"
"R_HDHA4te","Transport, extracellular","Transport of 4-HDHA via diffusion"
"R_HDHA7te","Transport, extracellular","Transport of 7-HDHA via diffusion"
"R_HDHA8te","Transport, extracellular","Transport of 8-HDHA via diffusion"
"R_HEMATINABCte","Transport, extracellular","ATP-binding Cassette (ABC) export of hematin"
"R_HEMATINGTHG","Porphyrin metabolism","Glutathionylation of hematin"
"R_HEMEGTHOHDEG","Porphyrin metabolism","Degradation of hydroxy-glutahione-heme adducts with iron release"
"R_HEMEGTHOHDX","Porphyrin metabolism","Hydroxylation of glutahione-heme adducts"
"R_HEPE11te","Transport, extracellular","Transport of 11-HEPE via diffusion"
"R_HEPE12te","Transport, extracellular","Transport of 12-HEPE via diffusion"
"R_HEPE15te","Transport, extracellular","Transport of 15-HEPE via diffusion"
"R_HEPE18te","Transport, extracellular","Transport of 18-HEPE via diffusion"
"R_HEPE5te","Transport, extracellular","Transport of 5-HEPE via diffusion"
"R_HEPE8te","Transport, extracellular","Transport of 8-HEPE via diffusion"
"R_HEPE9te","Transport, extracellular","Transport of 9-HEPE via diffusion"
"R_HETE11te","Transport, extracellular","Transport of 11-HETE via diffusion"
"R_HETE12te","Transport, extracellular","Transport of 12-HETE via diffusion"
"R_HETE15te","Transport, extracellular","Transport of 15-HETE via diffusion"
"R_HETE5te","Transport, extracellular","Transport of 5-HETE via diffusion"
"R_HETE8te","Transport, extracellular","Transport of 8-HETE via diffusion"
"R_HETE9te","Transport, extracellular","Transport of 9-HETE via diffusion"
"R_HEX1","Glycolysis / Gluconeogenesis","Hexokinase (beta-D-glucose:ATP)"
"R_HEX10","Amino sugar and nucleotide sugar metabolism","Hexokinase (D-glucosamine:ATP)"
"R_HEX1a","Glycolysis / Gluconeogenesis","Hexokinase (alpha-D-glucose:ATP)"
"R_HEX4","Fructose and mannose metabolism","Hexokinase (D-mannose:ATP)"
"R_HEX7","Fructose and mannose metabolism","Hexokinase (D-fructose:ATP)"
"R_HEXGA2","Glycosphingolipid biosynthesis - ganglio series","Beta-N-Acetylhexosaminidase"
"R_HEXGBSIDE","Glycosphingolipid biosynthesis - globo and isoglobo series","Beta-N-Acetylhexosaminidase"
"R_HEXGM2","Glycosphingolipid biosynthesis - ganglio series","Beta-N-Acetylhexosaminidase"
"R_HGNTOR","Phenylalanine, tyrosine and tryptophan metabolism","Homogentisate:oxygen 1,2-oxidoreductase (decyclizing)"
"R_HISADMARGNaEx","Transport, extracellular","L-histidine/Asymmetric N(omega),N(omega)-dimethyl-L-arginine Na-dependent exchange (His-L in)"
"R_HISARGNaEx","Transport, extracellular","L-histidine/L-arginine Na-dependent exchange (His-L in)"
"R_HISCITRNaEx","Transport, extracellular","L-histidine/L-citrulline Na-dependent exchange (His-L in)"
"R_HISCITRtex","Transport, extracellular","L-histidine/L-citrulline exchange"
"R_HISD","Histidine metabolism","Histidine ammonia-lyase"
"R_HISLYSNaEx","Transport, extracellular","L-histidine/L-arginine Na-dependent exchange (His-L in)"
"R_HISLYStex","Transport, extracellular","L-lysine/L-histidine exchange"
"R_HISMMARGNaEx","Transport, extracellular","L-histidine/N(omega)-methyl-L-arginine Na-dependent exchange (His-L in)"
"R_HISNaHtex","Transport, extracellular","L-histidine Na-dependent symport"
"R_HISORNNaEx","Transport, extracellular","L-histidine/L-ornithine Na-dependent exchange (His-L in)"
"R_HISORNtex","Transport, extracellular","L-histidine/L-ornithine exchange"
"R_HISTANMT","Histidine metabolism","S-Adenosyl-L-methionine:histamine N-methyltransferase"
"R_HISTAt","Transport, extracellular","Transport of histamine via diffusion"
"R_HIStec","Transport, extracellular","L-histidine transport via facilitated diffusion (extracellular/cytosol)"
"R_HISTRS","Aminoacyl-tRNA biosynthesis","L-Histidine:tRNA(His) ligase (AMP-forming)"
"R_HIUH","Purine metabolism","Hydrolysis of 5-Hydroxyisourate"
"R_HMBS","Porphyrin metabolism","Hydroxymethylbilane synthase"
"R_HMGTHDH","Glutathione metabolism","S-(hydroxymethyl)glutathione dehydrogenase"
"R_HMGTHS","Glutathione metabolism","S-(hydroxymethyl)glutathione synthase"
"R_HMOBD_Cltex","Transport, extracellular","Molybdate:H+ cotransport via chloride antiport"
"R_HNO2t","Transport, extracellular","Transport of nitrite via diffusion"
"R_HODE13te","Transport, extracellular","Transport of 13-HODE via diffusion"
"R_HODE9te","Transport, extracellular","Transport of 9-HODE via diffusion"
"R_HOMOVALt","Transport, extracellular","Transport of Homovanillate"
"R_HONOOt","Transport, extracellular","Transport of peroxynitrite via diffusion"
"R_HPDHA10GTHR","Docosahexaenoic acid metabolism","Glutathione:10-HPDHA oxidoreductase"
"R_HPDHA11GTHR","Docosahexaenoic acid metabolism","Glutathione:11-HPDHA oxidoreductase"
"R_HPDHA13GTHR","Docosahexaenoic acid metabolism","Glutathione:13-HPDHA oxidoreductase"
"R_HPDHA14GTHR","Docosahexaenoic acid metabolism","Glutathione:14-HPDHA oxidoreductase"
"R_HPDHA16GTHR","Docosahexaenoic acid metabolism","Glutathione:16-HPDHA oxidoreductase"
"R_HPDHA17GTHR","Docosahexaenoic acid metabolism","Glutathione:17-HPDHA oxidoreductase"
"R_HPDHA20GTHR","Docosahexaenoic acid metabolism","Glutathione:20-HPDHA oxidoreductase"
"R_HPDHA4GTHR","Docosahexaenoic acid metabolism","Glutathione:4-HPDHA oxidoreductase"
"R_HPDHA7GTHR","Docosahexaenoic acid metabolism","Glutathione:7-HPDHA oxidoreductase"
"R_HPDHA8GTHR","Docosahexaenoic acid metabolism","Glutathione:8-HPDHA oxidoreductase"
"R_HPEPE11GTHR","Eicosapentaenoic acid metabolism","Glutathione:11-HPEPE oxidoreductase"
"R_HPEPE12GTHR","Eicosapentaenoic acid metabolism","Glutathione:12-HPEPE oxidoreductase"
"R_HPEPE15GTHR","Eicosapentaenoic acid metabolism","Glutathione:15-HPEPE oxidoreductase"
"R_HPEPE18GTHR","Eicosapentaenoic acid metabolism","Glutathione:18-HPEPE oxidoreductase"
"R_HPEPE5GTHR","Eicosapentaenoic acid metabolism","Glutathione:5-HPEPE oxidoreductase"
"R_HPEPE8GTHR","Eicosapentaenoic acid metabolism","Glutathione:8-HPEPE oxidoreductase"
"R_HPEPE9GTHR","Eicosapentaenoic acid metabolism","Glutathione:9-HPEPE oxidoreductase"
"R_HPETE11GTHR","Arachidonic acid metabolism","Glutathione:11-HPETE oxidoreductase"
"R_HPETE12GTHR","Arachidonic acid metabolism","Glutathione:12-HPETE oxidoreductase"
"R_HPETE15GTHR","Arachidonic acid metabolism","Glutathione:15-HPETE oxidoreductase"
"R_HPETE5GTHR","Arachidonic acid metabolism","Glutathione:5-HPETE oxidoreductase"
"R_HPETE8GTHR","Arachidonic acid metabolism","Glutathione:8-HPETE oxidoreductase"
"R_HPETE9GTHR","Arachidonic acid metabolism","Glutathione:9-HPETE oxidoreductase"
"R_HPODE13GTHR","Linoleate metabolism","Glutathione:13-HPODE oxidoreductase"
"R_HPODE9GTHR","Linoleate metabolism","Glutathione:9-HPODE oxidoreductase"
"R_HPROy","Arginine and proline metabolism","1-pyrroline-3-hydroxy-5-carboxylate reductase (NADPH)"
"R_HPTALDHx","Miscellaneous","Heptanal (FAL 7:0) dehydrogenase (NADH)"
"R_HPTEAL2EDHx","Miscellaneous","Heptenal (FAL 7:0(2E)) dehydrogenase (NADH)"
"R_HPYRRx_R","Glycine, serine and threonine metabolism","Hydroxypyruvate reductase (NADH, D-glycerate forming)"
"R_HPYRRx_S","Glycine, serine and threonine metabolism","Hydroxypyruvate reductase (NADH, D-glycerate forming)"
"R_HPYRRy_R","Glycine, serine and threonine metabolism","Hydroxypyruvate reductase (NADPH, D-glycerate forming)"
"R_HSERALAex","Transport, extracellular","L-homoserine/L-alanine exchange"
"R_HSERASNex","Transport, extracellular","L-homoserine/L-asparagine exchange"
"R_HSERCYSex","Transport, extracellular","L-homoserine/L-cysteine exchange"
"R_HSERGLNex","Transport, extracellular","L-homoserine/L-glutamine exchange"
"R_HSERGLYex","Transport, extracellular","L-homoserine/Glycine exchange"
"R_HSERILEex","Transport, extracellular","L-homoserine/L-isoleucine exchange"
"R_HSERL1","Cysteine and methionine metabolism","Homoserine lyase"
"R_HSERLEUex","Transport, extracellular","L-homoserine/L-leucine exchange"
"R_HSERMETex","Transport, extracellular","L-homoserine/L-methionine exchange"
"R_HSERPHEex","Transport, extracellular","L-homoserine/L-phenylalanine exchange"
"R_HSERPROex","Transport, extracellular","L-homoserine/L-proline exchange"
"R_HSERSERex","Transport, extracellular","L-homoserine/L-serine exchange"
"R_HSERTHRex","Transport, extracellular","L-homoserine/L-threonine exchange"
"R_HSERTRPex","Transport, extracellular","L-homoserine/L-tyrptophan exchange"
"R_HSERTYRex","Transport, extracellular","L-homoserine/L-tyrosine exchange"
"R_HSERVALex","Transport, extracellular","L-homoserine/L-valine exchange"
"R_Ht","Transport, extracellular","Proton diffusion"
"R_HTSULDHLA","Sulfur metabolism","Reduction of thiosulfate via lipoate"
"R_HTSULGTHST","Sulfur metabolism","Thiosulfate:glutathione sulfurtransferase"
"R_HXALDHx","Miscellaneous","Hexanal (FAL 6:0) dehydrogenase (NADH)"
"R_HXDCAL2EDHx","Sphingolipid metabolism","(2E)-hexadecenal (FAL 16:1(2E))  dehydrogenase (NADH)"
"R_HXDCAL2EDHy","Sphingolipid metabolism","(2E)-hexadecenal (FAL 16:1(2E))  dehydrogenase (NADPH)"
"R_HXDCALDHx","Sphingolipid metabolism","Hexadecanal (FAL 16:0)  dehydrogenase (NADH)"
"R_HXDCALDHy","Sphingolipid metabolism","Hexadecenal (FAL 16:0)  dehydrogenase (NADPH)"
"R_HXEAL2EDHx","Miscellaneous","Hexenal (FAL 6:0(2E)) dehydrogenase (NADH)"
"R_HXPRT","Purine metabolism","Hypoxanthine phosphoribosyltransferase (Hypoxanthine)"
"R_HYPTROX","Cysteine and methionine metabolism","Hypotaurine oxidase"
"R_HYXNt","Transport, extracellular","Hypoxanthine transport via facilitated diffusion"
"R_ICDHy","Tricarboxylic acid cycle and glyoxylate/dicarboxylate metabolism","Isocitrate dehydrogenase (NADP)"
"R_ILEADMARGNaEx","Transport, extracellular","L-isoleucine/Asymmetric N(omega),N(omega)-dimethyl-L-arginine Na-dependent exchange (Ile-L in)"
"R_ILEARGNaEx","Transport, extracellular","L-isoleucine/L-arginine Na-dependent exchange (Ile-L in)"
"R_ILECITRNaEx","Transport, extracellular","L-isoleucine/L-citrulline Na-dependent exchange (Ile-L in)"
"R_ILELEUex","Transport, extracellular","L-isoleucine/L-leucine exchange"
"R_ILELYSNaEx","Transport, extracellular","L-isoleucine/L-arginine Na-dependent exchange (Ile-L in)"
"R_ILEMETex","Transport, extracellular","L-isoleucine/L-methionine exchange"
"R_ILEMMARGNaEx","Transport, extracellular","L-isoleucine/N(omega)-methyl-L-arginine Na-dependent exchange (Ile-L in)"
"R_ILEORNNaEx","Transport, extracellular","L-isoleucine/L-ornithine Na-dependent exchange (Ile-L in)"
"R_ILEPHEex","Transport, extracellular","L-isoleucine/L-phenylalanine exchange"
"R_ILEPROex","Transport, extracellular","L-isoleucine/L-proline exchange"
"R_ILESERex","Transport, extracellular","L-isoleucine/L-serine exchange"
"R_ILEtec","Transport, extracellular","L-isoleucine transport via facilitated diffusion (extracellular/cytosol)"
"R_ILETHRex","Transport, extracellular","L-isoleucine/L-threonine exchange"
"R_ILETRPex","Transport, extracellular","L-isoleucine/L-tyrptophan exchange"
"R_ILETRS","Aminoacyl-tRNA biosynthesis","L-Isoleucine:tRNA(Ile) ligase (AMP-forming)"
"R_ILETYRex","Transport, extracellular","L-isoleucine/L-tyrosine exchange"
"R_ILEVALex","Transport, extracellular","L-isoleucine/L-valine exchange"
"R_IM4ACte","Histidine metabolism","Transport of imidazole-4-acetate"
"R_IMACTD","Histidine metabolism","Imidazole acetaldehyde:NAD + oxidoreductase"
"R_IMGPT","Purine metabolism","Nucleoside phosphotransferase (IMP:Guanosine)"
"R_IMPC","Purine metabolism","IMP cyclohydrolase"
"R_IMPD","Purine metabolism","IMP dehydrogenase"
"R_IND56Q1ERx","Phenylalanine, tyrosine and tryptophan metabolism","Indole 5,6-quinone:NADH reductase (1e-)"
"R_IND56Q2ERy","Phenylalanine, tyrosine and tryptophan metabolism","N-ribosyldihydronicotinamide:Indole-5,6-quinone reductase (2e-)"
"R_IND56Q2ERz","Phenylalanine, tyrosine and tryptophan metabolism","N-ribosyldihydronicotinamide:Indole-5,6-quinone reductase (2e-)"
"R_IND56QNGST","Phenylalanine, tyrosine and tryptophan metabolism","Glutathione:indole 5,6-quinone S-transferase"
"R_IND56SQOX","Phenylalanine, tyrosine and tryptophan metabolism","Oxidation of indole-5,6-o-semiquinone via O2"
"R_INDSABCte","Transport, extracellular","ATP-binding Cassette (ABC) export of indoxyl sulfate"
"R_INDStec","Transport, extracellular","Transport of indoxyl sulfate"
"R_INOSTt","Transport, extracellular","Transport of inositol"
"R_INS6P1K","Inositol phosphate metabolism","ATP:1D-myo-inositol-hexakisphosphate 1-phosphotransferase"
"R_INSt","Transport, extracellular","Inosine transport via facilitated diffusion"
"R_INSULINGTHOR","Miscellaneous","Insulin disulfide:glutathione oxidoreductase"
"R_It","Transport, extracellular","Transport of iodide"
"R_KCC2t","Transport, extracellular","K + -Cl- cotransport (NH4 + )"
"R_KCCt","Transport, extracellular","K + -Cl- cotransport"
"R_KDNH","Amino sugar and nucleotide sugar metabolism","2-keto-3-deoxy-D-glycero-D-galactononic acid phosphohydrolase"
"R_KDNt","Transport, extracellular","Transport of 3-deoxy-D-glycero-D-galacto-2-nonulosonic acid"
"R_KHtex","Transport, extracellular","K + /H + exchange"
"R_KLDPP","Peptide metabolism","L-lysyl-L-leucine dipeptidase"
"R_KMEASE","Cysteine and methionine metabolism","EEF1A lysine methyltransferase"
"R_Kt1","Transport, extracellular","Transport of potassium"
"R_KYNAKGAT","Phenylalanine, tyrosine and tryptophan metabolism","L-Kynurenine:2-oxoglutarate aminotransferase"
"R_KYNATESYN","Phenylalanine, tyrosine and tryptophan metabolism","4-(2-Aminophenyl)-2,4-dioxobutanoate dehydratase"
"R_L_LACt2","Transport, extracellular","L-lactate transport via proton symport"
"R_L2AADPt","Transport, extracellular","Transport of L-2-aminoadipate"
"R_L2HGDHx","Alanine, aspartate and glutamate metabolism","L-2-hydroxyglutarate dehydrogenase"
"R_L4HGSA","Arginine and proline metabolism","Nonenzymatic dehydration of L-4-Hydroxyglutamate semialdehyde"
"R_LADPP","Peptide metabolism","L-leucyl-L-alanine dipeptidase"
"R_LADRNCHRGTHABCte","Transport, extracellular","ATP-binding Cassette (ABC) export of 5-S-Glutathionyl-L-leucoadrenochrome"
"R_LADRNCHRO2SX","Phenylalanine, tyrosine and tryptophan metabolism","Oxidation of leucoadrenochrome via superoxide"
"R_LADRNCHRPX","Phenylalanine, tyrosine and tryptophan metabolism","Oxidation of leucoadrenochrome via hydrogen peroxide"
"R_LADRNCHRSQDP","Phenylalanine, tyrosine and tryptophan metabolism","Disproportionation of adrenochrome-o-semiquinone"
"R_LALD_Ly","Pyruvate metabolism","Aldose reductase (L-lactaldehyde, NADPH)"
"R_LALDO","Tricarboxylic acid cycle and glyoxylate/dicarboxylate metabolism","D-Lactaldehyde NAD+ oxidoreductase (glutathione-formylating)"
"R_LALDO2x","Tricarboxylic acid cycle and glyoxylate/dicarboxylate metabolism","Methylglyoxal reductase (NADH, D-lactaldehyde forming)"
"R_LALDO2y","Tricarboxylic acid cycle and glyoxylate/dicarboxylate metabolism","Methylglyoxal reductase (NADPH, D-lactaldehyde forming)"
"R_LCAD","Pyruvate metabolism","Lactaldehyde dehydrogenase"
"R_LCARR","Pyruvate metabolism","Alcohol dehydrogenase ((R)-propane-1,2-diol, NAD)"
"R_LCARS","Pyruvate metabolism","Alcohol dehydrogenase ((S)-propane-1,2-diol, NAD)"
"R_LCMTPP2A","Protein modification","Leucine carboxyl methyltransferase"
"R_LCYSTAT","Cysteine and methionine metabolism","L-Cysteate:2-oxoglutarate aminotransferase"
"R_LDH_L","Glycolysis / Gluconeogenesis","L-lactate dehydrogenase"
"R_LDOPAMT","Phenylalanine, tyrosine and tryptophan metabolism","S-Adenosyl-L-methionine:3,4-Dihydroxy-L-phenylalanine O-methyltransferase"
"R_LDOPAt","Transport, extracellular","Transport of L-dopa via facilitated diffusion"
"R_LDPAMCHRO2SX","Phenylalanine, tyrosine and tryptophan metabolism","Oxidation of leucodopaminochrome via superoxide"
"R_LDPAMCHRPX","Phenylalanine, tyrosine and tryptophan metabolism","Oxidation of leucodopaminochrome via hydrogen peroxide"
"R_LDPAMCHRSQDP","Phenylalanine, tyrosine and tryptophan metabolism","Disproportionation of dopaminochrome-o-semiquinone"
"R_LDPAMMT","Phenylalanine, tyrosine and tryptophan metabolism","S-Adenosyl-L-methionine:L-dopamine O-methyltransferase"
"R_LDPAMt","Transport, extracellular","Dopamine transport via uniport"
"R_LDPCHRGTHABCte","Transport, extracellular","ATP-binding Cassette (ABC) export of 5-S-Glutathionyl-L-leucodopachrome"
"R_LDPCHRO2SX_L","Phenylalanine, tyrosine and tryptophan metabolism","Oxidation of L-leucodopachrome via superoxide"
"R_LDPCHRPX_L","Phenylalanine, tyrosine and tryptophan metabolism","Oxidation of L-leucodopachrome via hydrogen peroxide"
"R_LDPCHRSQDP_L","Phenylalanine, tyrosine and tryptophan metabolism","Disproportionation of L-dopachrome-o-semiquinone"
"R_LEUADMARGNaEx","Transport, extracellular","L-leucine/Asymmetric N(omega),N(omega)-dimethyl-L-arginine Na-dependent exchange (Leu-L in)"
"R_LEUALANaEx","Transport, extracellular","L-leucine/L-alanine Na-dependent exchange (Leu-L in)"
"R_LEUARGNaEx","Transport, extracellular","L-leucine/L-arginine Na-dependent exchange (Leu-L in)"
"R_LEUCITRNaEx","Transport, extracellular","L-leucine/L-citrulline Na-dependent exchange (Leu-L in)"
"R_LEUKTRA4t","Transport, extracellular","Leukotriene A4 transmembrane (homo sapiens) transport"
"R_LEUKTRA5t","Transport, extracellular","Leukotriene A5 transmembrane (homo sapiens) transport"
"R_LEUKTRB4ABCte","Transport, extracellular","ATP-binding Cassette (ABC) export of leukotriene B4 with reduced glutathione cotransport"
"R_LEUKTRB5ABCte","Transport, extracellular","ATP-binding Cassette (ABC) export of leukotriene B5 with reduced glutathione cotransport"
"R_LEUKTRC4ABCte","Transport, extracellular","ATP-binding Cassette (ABC) export of leukotriene C4"
"R_LEUKTRC5ABCte","Transport, extracellular","ATP-binding Cassette (ABC) export of leukotriene C5"
"R_LEULDOPAex","Transport, extracellular","L-leucine/L-dopa exchange"
"R_LEULYSNaEx","Transport, extracellular","L-leucine/L-arginine Na-dependent exchange (Leu-L in)"
"R_LEUMETex","Transport, extracellular","L-leucine/L-methionine exchange"
"R_LEUMMARGNaEx","Transport, extracellular","L-leucine/N(omega)-methyl-L-arginine Na-dependent exchange (Leu-L in)"
"R_LEUORNNaEx","Transport, extracellular","L-leucine/L-ornithine Na-dependent exchange (Leu-L in)"
"R_LEUPHEex","Transport, extracellular","L-leucine/L-phenylalanine exchange"
"R_LEUPROex","Transport, extracellular","L-leucine/L-proline exchange"
"R_LEUSERex","Transport, extracellular","L-leucine/L-serine exchange"
"R_LEUtec","Transport, extracellular","L-leucine transport via facilitated diffusion (extracellular/cytosol)"
"R_LEUTHRex","Transport, extracellular","L-leucine/L-threonine exchange"
"R_LEUTRPex","Transport, extracellular","L-leucine/L-tyrptophan exchange"
"R_LEUTRS","Aminoacyl-tRNA biosynthesis","L-Leucine:tRNA(Leu) ligase (AMP-forming)"
"R_LEUTYRex","Transport, extracellular","L-leucine/L-tyrosine exchange"
"R_LEUVALex","Transport, extracellular","L-leucine/L-valine exchange"
"R_LGDPP","Peptide metabolism","L-leucyl-L-glycine dipeptidase"
"R_LGFTPAP","Peptide metabolism","L-leucyl-glycyl-L-phenylalanine tripeptide aminopeptidase"
"R_LGGTPAP","Peptide metabolism","L-leucyl-glycyl-glycyl tripeptide aminopeptidase"
"R_LGTHL","Pyruvate metabolism","Lactoylglutathione lyase"
"R_LHCYSTIN","Cysteine and methionine metabolism","Formation of Homocystine"
"R_LHCYSTINt","Transport, extracellular","L-homocystine transport via facilitated diffusion (extracellular to cytosol)"
"R_LIPTASCBR","Ascorbate and aldarate metabolism","Reduction of lipoate via L-ascorbate"
"R_LIPTt","Transport, extracellular","Transport of lipoate"
"R_LIt","Transport, extracellular","Lithium leak"
"R_LKYNRtr","Transport, extracellular","L-kynurenine transport via facilitated diffusion"
"R_LLAC_2HBtex","Transport, extracellular","L-lactate/2-hydroxybutyrate exchange"
"R_LLAC_5OXPROtex","Transport, extracellular","L-lactate/5-oxoproline exchange"
"R_LLAC_ACACtex","Transport, extracellular","L-lactate/Acetoacetate exchange"
"R_LLAC_ACtex","Transport, extracellular","L-lactate/Acetate exchange"
"R_LLAC_BUTtex","Transport, extracellular","L-lactate/Butyrate exchange"
"R_LLAC_Cltex","Transport, extracellular","Transport of L-lactate via chlroide anion exchange"
"R_LLAC_DLACtex","Transport, extracellular","L-lactate/D-lactate exchange"
"R_LLAC_GLYCLTtex","Transport, extracellular","L-lactate/Glycolate exchange"
"R_LLAC_PPAtex","Transport, extracellular","L-lactate/Propanoate exchange"
"R_LLACPHEABCte","Transport, extracellular","ATP-binding Cassette (ABC) export of N-[(S)-lactoyl]-L-phenylalanine"
"R_LLACPHEHYD","Phenylalanine, tyrosine and tryptophan metabolism","Formation of N-[(S)-lactoyl]-L-phenylalanine via reverse proteolysis"
"R_LLDPP","Peptide metabolism","L-leucyl-L-leucine dipeptidase"
"R_LLLTPAP","Peptide metabolism","L-leucyl-L-leucyl-L-leucine tripeptide aminopeptidase"
"R_LNAPELPLD","Glycerophospholipid metabolism","N-acyl-lysophosphatidylethanolamine (LNAPE) lysophospholipase D"
"R_LNLC1213MOXy","Linoleate metabolism","Cytochromes P450:NADPH monooxygenase (linoleate, 12(13)-EpOME forming)"
"R_LNLC910MOXy","Linoleate metabolism","Cytochromes P450:NADPH monooxygenase (linoleate, 9(10)-EpOME forming)"
"R_LNLCOHRI","Linoleate metabolism","Initiation of linoleate radical via hydroxyl radical"
"R_LNLCRO2P","Linoleate metabolism","Propogation of linoleate radical to peroxyl radical"
"R_LNLCROO13AVITE1RT","Linoleate metabolism","Termination of linoleate peroxyl radical via alpha-tocopherol radical (13-HPODE forming)"
"R_LNLCROO13AVITE1T","Linoleate metabolism","Termination of linoleate peroxyl radical via alpha-tocopherol (13-HPODE forming)"
"R_LNLCROO9AVITE1RT","Linoleate metabolism","Termination of linoleate peroxyl radical via alpha-tocopherol radical (9-HPODE forming)"
"R_LNLCROO9AVITE1T","Linoleate metabolism","Termination of linoleate peroxyl radical via alpha-tocopherol (9-HPODE forming)"
"R_LNRPPHRCHRGTHABCte","Transport, extracellular","ATP-binding Cassette (ABC) export of 5-S-Glutathionyl-L-leuconoradrenochrome"
"R_LNRPPHRCHRO2SX","Phenylalanine, tyrosine and tryptophan metabolism","Oxidation of leuconoradrenochrome via superoxide"
"R_LNRPPHRCHRPX","Phenylalanine, tyrosine and tryptophan metabolism","Oxidation of leuconoradrenochrome via hydrogen peroxide"
"R_LNRPPHRCHRSQDP","Phenylalanine, tyrosine and tryptophan metabolism","Disproportionation of noradrenochrome-o-semiquinone"
"R_LNSTLS","Cholesterol metabolism","Lanosterol synthase"
"R_LPAAT","Glycerolipid metabolism","Lysophosphatidate (LPA) O-acyltransferase (CoA)"
"R_LPALPLB","Glycerolipid metabolism","Lysophosphatidate (LPA) lysophospholipase B"
"R_LPCAT","Glycerophospholipid metabolism","Lysophosphatidylcholine (LPC) O-acyltransferase (CoA)"
"R_LPCLPLB","Glycerophospholipid metabolism","Lysophosphatidylcholine (LPC) lysophospholipase B2"
"R_LPCLPLD","Glycerophospholipid metabolism","Lysophosphatidylcholine (LPC) lysophospholipase D"
"R_LPCOAT","Ether lipid metabolism","Lysoplasmanylphosphocholine (LPC O-) O-acyltransferase (CoA)"
"R_LPCOLPLD","Ether lipid metabolism","Lysoplasmanylphosphocholine (LPC O-) lysophospholipase D"
"R_LPCPAT","Ether lipid metabolism","Lysoplasmenylphosphocholine (LPC P-) O-acyltransferase (CoA)"
"R_LPCSCRt","Transport, extracellular","Lysophosphatidylcholine (LPC) scramblase"
"R_LPDPP","Peptide metabolism","L-leucyl-L-proline dipeptidase"
"R_LPEAT","Glycerophospholipid metabolism","Lysophosphatidylethanolamine (LPE) O-acyltransferase (CoA)"
"R_LPELPLB","Glycerophospholipid metabolism","Lysophosphatidylethanolamine (LPE) lysophospholipase B2"
"R_LPELPLD","Glycerophospholipid metabolism","Lysophosphatidylethanolamine (LPE) lysophospholipase D"
"R_LPEPAT","Ether lipid metabolism","Lysoplasmenylethanolamine (LPE P-) O-acyltransferase (CoA)"
"R_LPIAT","Glycerophospholipid metabolism","Lysophosphatidylinositol (LPI) O-acyltransferase (CoA)"
"R_LPILPLB","Glycerophospholipid metabolism","Lysophosphatidylinositol (LPI) lysophospholipase B2"
"R_LPSAT","Glycerophospholipid metabolism","Lysophosphatidylserine (LPS) O-acyltransferase (CoA)"
"R_LPSLPLB","Glycerophospholipid metabolism","Lysophosphatidylserine (LPS) lysophospholipase B2"
"R_LTA4H","Leukotriene metabolism","Leukotriene A4 hydrolase"
"R_LTA5H","Leukotriene metabolism","Leukotriene A5 hydrolase"
"R_LYSCITRtex","Transport, extracellular","L-lysine/L-citrulline exchange"
"R_LYSORNtex","Transport, extracellular","L-lysine/L-ornithine exchange"
"R_LYStec","Transport, extracellular","L-lysine transport via facilitated diffusion (extracellular/cytosol)"
"R_LYSTRS","Aminoacyl-tRNA biosynthesis","L-lysine:tRNALys ligase (AMP-forming)"
"R_M16BPS1","Starch and sucrose metabolism","Mannose-1,6-bisphosphate synthase"
"R_MACACI","Phenylalanine, tyrosine and tryptophan metabolism","Maleylacetoacetate isomerase"
"R_MACOXO","Histidine metabolism","3-methylimidazole acetaldehyde:NAD + oxidoreductase"
"R_MAGL1","Glycerolipid metabolism","Monoacylglycerol (MG) lipase"
"R_MAGL2","Glycerolipid metabolism","Monoacylglycerol (MG) lipase"
"R_MAGOK","Glycerolipid metabolism","Alkylglycerol (MG O-) kinase"
"R_MALDHx","Miscellaneous","Malonaldehyde dehydrogenase (NADH)"
"R_MALt","Transport, extracellular","Malate exchange, diffusion"
"R_MAN1PT","Fructose and mannose metabolism","Mannose 1-phosphate guanylyltransferase"
"R_MAN6PI","Fructose and mannose metabolism","Mannose-6-phosphate isomerase"
"R_MANt1r","Transport, extracellular","Transport of D-mannose via facilitated diffusion"
"R_MCLOR","Cysteine and methionine metabolism","3-Mercaptolactate:NAD+ oxidoreductase"
"R_MCOATA","Fatty acid biosynthesis","[acyl-carrier-protein] S-malonyltransferase"
"R_MCPST","Sulfur metabolism","3-mercaptopyruvate:sulfite sulfurtransferase"
"R_MCPST3","Cysteine and methionine metabolism","3-mercaptopyruvate:sulfide sulfurtransferase (thioredoxin)"
"R_MCPST4","Cysteine and methionine metabolism","3-mercaptopyruvate:sulfide sulfurtransferase (dihydrolipoate)"
"R_MDH","Tricarboxylic acid cycle and glyoxylate/dicarboxylate metabolism","Malate dehydrogenase"
"R_MDHDASCBDP","Ascorbate and aldarate metabolism","Nonenzymatic disproportionation of monodehydroascorbate"
"R_MDHDASCBDPe","Ascorbate and aldarate metabolism","Nonenzymatic disproportionation of monodehydroascorbate"
"R_MDHDASCBRy","Ascorbate and aldarate metabolism","Monodehydroascorbate reductase (NADPH)"
"R_MDRPD","Cysteine and methionine metabolism","5-Methylthio-5-deoxy-D-ribulose 1-phosphate dehydratase"
"R_ME2","Tricarboxylic acid cycle and glyoxylate/dicarboxylate metabolism","Malic enzyme (NADP)"
"R_ME2DMT1t","Transport, extracellular","Manganese (II) transport via H+ symport (1:1)"
"R_MEOHP","Reactive species formation and detoxification","Peroxidase (methanol)"
"R_MEPIt","Transport, extracellular","Transport of L-metanephrine"
"R_MERCPURMT","Azathioprine and 6-mercaptopurine metabolism","S-adenosyl-L-methionine:6-mercaptopurine S-methyltransferase"
"R_MERCPURPRT","Azathioprine and 6-mercaptopurine metabolism","6-Mercapatopurine phosphoribosyltransferase"
"R_MERCPURt","Transport, extracellular","Transport of 6-mercaptopurine"
"R_METADMARGNaEx","Transport, extracellular","L-methioine/Asymmetric N(omega),N(omega)-dimethyl-L-arginine Na-dependent exchange (Met-L in)"
"R_METARGNaEx","Transport, extracellular","L-methioine/L-arginine Na-dependent exchange (Met-L in)"
"R_METAT","Cysteine and methionine metabolism","Methionine adenosyltransferase"
"R_METCITRNaEx","Transport, extracellular","L-methioine/L-citrulline Na-dependent exchange (Met-L in)"
"R_METHBCYTBR","Hemoglobin binding and degradation","Nonenzymatic reduction of methemoglobin (Cytochrome b5)"
"R_METHBFMNR","Hemoglobin binding and degradation","Nonenzymatic reduction of methemoglobin (FMN)"
"R_METHBHEMED","Hemoglobin binding and degradation","Dissociation of hematin from methemoglobin"
"R_METHBNO2A","Hemoglobin binding and degradation","Nitrite anhydrase"
"R_METHBONOOD1","Hemoglobin binding and degradation","Ferric-heme catalyzed peroxynitrite decomposition (methemoglobin-forming)"
"R_METHBONOOD2","Hemoglobin binding and degradation","Ferric-heme catalyzed peroxynitrite decomposition (oxoferrylhemoglobin-forming)"
"R_METHBONOOX","Hemoglobin binding and degradation","Methemoglobin-peroxynitrite complex formation"
"R_METHBPX","Hemoglobin binding and degradation","Peroxidation of methemoglobin"
"R_METHBRCCL","Hemoglobin binding and degradation","Covalent crosslinking of methemoglobin cation radicals"
"R_METHBRHEMED","Hemoglobin binding and degradation","Dissociation of hematin from methemoglobin cation radical"
"R_METLYSNaEx","Transport, extracellular","L-methioine/L-arginine Na-dependent exchange (Met-L in)"
"R_METMMARGNaEx","Transport, extracellular","L-methioine/N(omega)-methyl-L-arginine Na-dependent exchange (Met-L in)"
"R_METMSPYRAT","Selenocompound metabolism","L-methionine:methylselenopyruvate aminotransferase"
"R_METORNNaEx","Transport, extracellular","L-methioine/L-ornithine Na-dependent exchange (Met-L in)"
"R_METOXR","Cysteine and methionine metabolism","Oxidation of L-methionyl-[protein]"
"R_METOXS","Cysteine and methionine metabolism","Oxidation of L-methionine"
"R_METPHEex","Transport, extracellular","L-methionine/L-phenylalanine exchange"
"R_METPROex","Transport, extracellular","L-methionine/L-proline exchange"
"R_METSELNEORy","Selenocompound metabolism","Methaneselenol:NADP+ oxidoreductase"
"R_METSELNIORy","Selenocompound metabolism","Methylselenenic acid:NADP+ oxidoreductase"
"R_METSERex","Transport, extracellular","L-methionine/L-serine exchange"
"R_METSOXTRD","Protein modification","methionine S-oxide reductase"
"R_METtec","Transport, extracellular","L-methionine transport via facilitated diffusion (extracellular/cytosol)"
"R_METTHRex","Transport, extracellular","L-methionine/L-threonine exchange"
"R_METTRPex","Transport, extracellular","L-methionine/L-tyrptophan exchange"
"R_METTRS","Aminoacyl-tRNA biosynthesis","L-Methionine:tRNAMet ligase (AMP-forming)"
"R_METTYRex","Transport, extracellular","L-methionine/L-tyrosine exchange"
"R_METVALex","Transport, extracellular","L-methionine/L-valine exchange"
"R_MG2NAtex2","Transport, extracellular","Na+/Mg2+ exchange"
"R_MG2tec","Transport, extracellular","Magnesium (II) import"
"R_MGSA","Pyruvate metabolism","Erroneous formation of methylgloxal (dihydroxyacetone phosphate)"
"R_MGSA2","Pyruvate metabolism","Erroneous formation of methylgloxal (glyceraldehyde 3-phosphate)"
"R_MHISOR","Histidine metabolism","N-methylhistamine:oxygen oxidoreductase (deaminating)"
"R_MI13456P3PP","Inositol phosphate metabolism","1D-myo-Inositol 1,3,4,5,6-pentakisphosphate 3-phosphohydrolase"
"R_MI1345P3PP","Inositol phosphate metabolism","1D-myo-Inositol 1,3,4,5-tetrakisphosphate 3-phosphohydrolase"
"R_MI1345P5PP","Inositol phosphate metabolism","1D-myo-Inositol 1,3,4,5-tetrakisphosphate 5-phosphohydrolase"
"R_MI1456P6PP","Inositol phosphate metabolism","1D-myo-Inositol 1,4,5,6-tetrakisphosphate 6-phosphohydrolase"
"R_MI145P3K","Inositol phosphate metabolism","Inositol-1,4,5-trisphosphate 3-kinase"
"R_MI145P5PP","Inositol phosphate metabolism","1D-myo-Inositol-1,4,5-trisphosphate 5-phosphohydrolase"
"R_MI14P1PP","Inositol phosphate metabolism","1D-myo-Inositol 1,4-bisphosphate 1-phosphohydrolase"
"R_MI14P4PP","Inositol phosphate metabolism","1D-myo-Inositol 1,4-bisphosphate 4-phosphohydrolase"
"R_MI1PP","Inositol phosphate metabolism","1D-myo-Inositol 1-phosphate phosphohydrolase"
"R_MI3PP","Inositol phosphate metabolism","1D-myo-Inositol 3-phosphate phosphohydrolase"
"R_MI3PS","Inositol phosphate metabolism","1D-myo-inositol-3-phosphate lyase (isomerizing)"
"R_MI4PP","Inositol phosphate metabolism","1D-myo-Inositol 4-phosphate phosphohydrolase"
"R_MLTHFS","Folate metabolism","Nonenzymatic formation of 5,10-Methylene-tetrahydrofolate"
"R_MMALNDHx","Valine, leucine, and isoleucine metabolism","(S)-methylmalonate semialdehyde:NAD + oxidoreductase"
"R_MMARGARGtex","Transport, extracellular","N(omega)-methyl-L-arginine /L-arginine exchange"
"R_MMARGCITRtex","Transport, extracellular","N(omega)-methyl-L-arginine/L-citrulline exchange"
"R_MMARGHIStex","Transport, extracellular","N(omega)-methyl-L-arginine/L-histidine exchange"
"R_MMARGLYStex","Transport, extracellular","N(omega)-methyl-L-arginine/L-lysine exchange"
"R_MMARGORNtex","Transport, extracellular","N(omega)-methyl-L-arginine/L-ornithine exchange"
"R_MMARGt_L","Transport, extracellular","Transport of N(omega)-methyl-L-arginine via facilitated diffusion"
"R_MMAt2","Transport, extracellular","Transport of methylamine"
"R_MMCD","Pantothenate and CoA metabolism","(S)-Methylmalonyl-CoA decarboxylase"
"R_MN2_2HCO3t","Transport, extracellular","Manganese (II):bicarbonate symport (1:2)"
"R_MN2t","Transport, extracellular","Manganese (II) transport"
"R_MNDN2ERy","Miscellaneous","Menadione reductase (2e-)"
"R_MNLOH1RSCV","Reactive species formation and detoxification","Hydroxyl scavenging via mannitol"
"R_MNLRDPe","Reactive species formation and detoxification","Nonenzymatic disproportionation of mannitol radicals"
"R_MPDPP","Peptide metabolism","L-methionyl-L-proline dipeptidase"
"R_MPMOBDT","Folate metabolism","Molybdopterin molybdotransferase"
"R_MPOe","Reactive species formation and detoxification","Myeloperoxidase"
"R_MPTAT","Folate metabolism","ATP:molybdopterin adenylyltransferase"
"R_MTAP","Cysteine and methionine metabolism","5-methylthioadenosine phosphorylase"
"R_MTHFC","Folate metabolism","Methenyl-tetrahydrofolate cyclohydrolase"
"R_MTHFD","Folate metabolism","Methylene-tetrahydrofolate dehydrogenase (NADP)"
"R_MTMERCPURPRT","Azathioprine and 6-mercaptopurine metabolism","6-Methyl-mercapatopurine phosphoribosyltransferase"
"R_MTOX","Sulfur metabolism","Methanethiol oxidase"
"R_MTRI","Cysteine and methionine metabolism","5-methylthioribose-1-phosphate isomerase"
"R_MTTHIOGMPt","Transport, extracellular","Transport of 6-methylthioguanosine monophosphate"
"R_MTTHIOIMPt","Transport, extracellular","Transport of 6-Methyl-mercapatopurine"
"R_N1ASPMDOX","Arginine and proline metabolism","N1-acetylspermidine oxidase"
"R_N1SPRMOX","Arginine and proline metabolism","N1-acetylspermine oxidase"
"R_N2O3CYSNT","Reactive species formation and detoxification","L-cysteine nitrosylation via dinitrogen trioxide"
"R_N2O3GTHNT","Reactive species formation and detoxification","Glutathione nitrosylation via dinitrogen trioxide"
"R_N2O3HC","Reactive species formation and detoxification","Homolytic cleavage of dinitrogen trioxide"
"R_N2O3HYD","Reactive species formation and detoxification","Hydrolysis of dinitrogen trioxide"
"R_N2O3t","Transport, extracellular","Transport of dinitrogen trioxide via diffusion"
"R_NABTNO","Arginine and proline metabolism","N4-acetylaminobutanal:NAD + oxidoreductase"
"R_NACCYS_Cltex","Transport, extracellular","Transport of N-acety L-cysteine via anion exchanger"
"R_NACCYSDAC","Cysteine and methionine metabolism","N-acetyl L-cysteine deaceylase"
"R_NACt","Transport, extracellular","Transport of nicotinate ribonucleoside"
"R_NADHHR","Nicotinate and nicotinamide metabolism","Erroneous formation of (R)-NADHX"
"R_NADHHS","Nicotinate and nicotinamide metabolism","Erroneous formation of (S)-NADHX"
"R_NADHXD","Nicotinate and nicotinamide metabolism","ATP-dependent (S)-NADH-hydrate dehydratase"
"R_NADHXE","Nicotinate and nicotinamide metabolism","NADHX epimerase"
"R_NADK","Nicotinate and nicotinamide metabolism","NAD kinase"
"R_NADL","Nicotinate and nicotinamide metabolism","NAD+ nicotinamide-lyase (cyclic-ADP-ribose-forming)"
"R_NADLe","Nicotinate and nicotinamide metabolism","NAD+ nicotinamide-lyase (cyclic-ADP-ribose-forming)"
"R_NADN","Nicotinate and nicotinamide metabolism","NAD nucleosidase"
"R_NADN2","Nicotinate and nicotinamide metabolism","Alpha-NAD nucleosidase"
"R_NADNe","Nicotinate and nicotinamide metabolism","NAD nucleosidase"
"R_NADPHHR","Nicotinate and nicotinamide metabolism","Erroneous formation of (R)-NADHX"
"R_NADPHHS","Nicotinate and nicotinamide metabolism","Erroneous formation of (S)-NADHX"
"R_NADPHPPS","Nicotinate and nicotinamide metabolism","NADPH+ phosphatase"
"R_NADPHXD","Nicotinate and nicotinamide metabolism","ATP-dependent (S)-NADPH-hydrate dehydratase"
"R_NADPHXE","Nicotinate and nicotinamide metabolism","NADPHX epimerase"
"R_NADPL","Nicotinate and nicotinamide metabolism","NADP+ nicotinamide-lyase (2'-phospho-cyclic-ADP-ribose-forming)"
"R_NADPLe","Nicotinate and nicotinamide metabolism","NADP+ nicotinamide-lyase (2'-phospho-cyclic-ADP-ribose-forming)"
"R_NADPN","Nicotinate and nicotinamide metabolism","NADP nucleosidase"
"R_NADPNe","Nicotinate and nicotinamide metabolism","NADP nucleosidase"
"R_NADS2","Nicotinate and nicotinamide metabolism","Nicotinate-mononucleotide adenylyltransferase"
"R_NaHtex","Transport, extracellular","Na + /H + exchange"
"R_NaKt","Transport, extracellular","Na + /K + exchanging ATPase"
"R_NaLitex","Transport, extracellular","Na + /Li + exchange (Li + )"
"R_NAMNPP","Nicotinate and nicotinamide metabolism","Nicotinate phosphoribosyltransferase (with ATP)"
"R_NAPEPLD","Ether lipid metabolism","N-acyl-phosphatidylethanolamine (NAPE) phospholipase D"
"R_NAPRT","Nicotinate and nicotinamide metabolism","Nicotinate phosphoribosyltransferase (without ATP)"
"R_NAt","Transport, extracellular","Sodium leak"
"R_NCAMt","Transport, extracellular","Transport of nicotinamide"
"R_NDPADPe","Nucleotide metabolism","NDP phosphohydrolase (ADP)"
"R_NDPC","Nucleotide metabolism","NDP phosphohydrolase (dCDP)"
"R_NDPK1","Pyrimidine metabolism","Nucleoside-diphosphate kinase (ATP:GDP)"
"R_NDPK10","Purine metabolism","Nucleoside-diphosphate kinase (ATP:dIDP)"
"R_NDPK2","Nucleotide metabolism","Nucleoside-diphosphate kinase (ATP:UDP)"
"R_NDPK3","Pyrimidine metabolism","Nucleoside-diphosphate kinase (ATP:CDP)"
"R_NDPK4","Pyrimidine metabolism","Nucleoside-diphosphate kinase (ATP:dTDP)"
"R_NDPK5","Purine metabolism","Nucleoside-diphosphate kinase (ATP:dGDP)"
"R_NDPK6","Pyrimidine metabolism","Nucleoside-diphosphate kinase (ATP:dUDP)"
"R_NDPK7","Pyrimidine metabolism","Nucleoside-diphosphate kinase (ATP:dCDP)"
"R_NDPK8","Purine metabolism","Nucleoside-diphosphate kinase (ATP:dADP)"
"R_NDPK9","Purine metabolism","Nucleoside-diphosphate kinase (ATP:IDP)"
"R_NEDD8E1ACT","Ubiquitin mediated proteolysis","NEDD8:[E1 NEDD8-activating enzyme] ligase (AMP-forming)"
"R_NEDD8E1E2T","Ubiquitin mediated proteolysis","S-[E1 NEDD8-activating enzyme]-L-cysteine:[E2 NEDD8-conjugating enzyme] NEDD8-protein transferase"
"R_NEDD8E2CONJT","Ubiquitin mediated proteolysis","S-[NEDD8-protein]-yl-[E2 NEDD8-conjugating enzyme]-L-cysteine:[cullin protein] NEDD8-protein transferase"
"R_NEU24","Glycosphingolipid biosynthesis - ganglio series","Neuraminidase"
"R_NEU25","Glycosphingolipid biosynthesis - ganglio series","Neuraminidase"
"R_NEU31","Glycosphingolipid biosynthesis - ganglio series","Neuraminidase"
"R_NEU31e","Glycosphingolipid biosynthesis - ganglio series","Neuraminidase"
"R_NEU32","Glycosphingolipid biosynthesis - ganglio series","Neuraminidase"
"R_NEU32e","Glycosphingolipid biosynthesis - ganglio series","Neuraminidase"
"R_NEU33","Glycosphingolipid biosynthesis - ganglio series","Neuraminidase"
"R_NEU33e","Glycosphingolipid biosynthesis - ganglio series","Neuraminidase"
"R_NEU34","Glycosphingolipid biosynthesis - ganglio series","Neuraminidase"
"R_NEU34e","Glycosphingolipid biosynthesis - ganglio series","Neuraminidase"
"R_NEU35e","Glycosphingolipid biosynthesis - ganglio series","Neuraminidase"
"R_NEU36","Glycosphingolipid biosynthesis - ganglio series","Neuraminidase"
"R_NEU36e","Glycosphingolipid biosynthesis - ganglio series","Neuraminidase"
"R_NEU37e","Glycosphingolipid biosynthesis - ganglio series","Neuraminidase"
"R_NEU39e","Glycosphingolipid biosynthesis - ganglio series","Neuraminidase"
"R_NH3t","Transport, extracellular","Transport of ammonia"
"R_NH4c","Miscellaneous","Deprotonation of ammonium"
"R_NH4e","Miscellaneous","Deprotonation of ammonium"
"R_NH4t","Transport, extracellular","Transport of ammonium"
"R_NICHYD","Nicotinate and nicotinamide metabolism","Nicotinate ribonucleotide phosphohydrolase"
"R_NICRNSt","Transport, extracellular","Transport of nicotinate ribonucleoside"
"R_NKCC2t","Transport, extracellular","Na+-K+-Cl- cotransport (NH4+)"
"R_NKCCt","Transport, extracellular","Na+-K+-Cl- cotransport"
"R_NMNAT","Nicotinate and nicotinamide metabolism","Nicotinamide-nucleotide adenylyltransferase (ATP)"
"R_NMNHAT","Nicotinate and nicotinamide metabolism","Ribosyldihydronicotinamide adenylyltransferase (ATP)"
"R_NMNHYD","Nicotinate and nicotinamide metabolism","Nicotinamide ribonucleotide phosphohydrolase"
"R_NMNN","Nicotinate and nicotinamide metabolism","NMN nucleosidase"
"R_NMNNe","Nicotinate and nicotinamide metabolism","NMN nucleosidase (extracellular)"
"R_NMNS","Nicotinate and nicotinamide metabolism","Nicotinamide phosphoribosyltransferase"
"R_NNAT","Nicotinate and nicotinamide metabolism","Nicotinate-nucleotide adenylyltransferase"
"R_NNDPR","Nicotinate and nicotinamide metabolism","Quinolinate phosphoribosyltransferase decarboxylating"
"R_NO2_2Natex","Transport, extracellular","Transport of nitrite via sodium cotransport"
"R_NO2_Cltex","Transport, extracellular","Transport of nitrite via chloride antiport"
"R_NO3_Cltex","Transport, extracellular","Transport of nitrate via chloride antiport"
"R_NO3t","Transport, extracellular","Transport of nitrate"
"R_NONALDHx","Miscellaneous","Nonanal (FAL 9:0) dehydrogenase (NADH)"
"R_NONEAL2EDHx","Miscellaneous","Nonenal (FAL 9:0(2E)) dehydrogenase (NADH)"
"R_NOO2OX","Reactive species formation and detoxification","Nonenzymatic oxidation of nitrogen oxide"
"R_NOO2SOX","Reactive species formation and detoxification","Nonenzymatic formation of peroxynitrite"
"R_NORMETEt","Transport, extracellular","Transport of L-normetanephrine"
"R_NOS1","Arginine and proline metabolism","L-Arginine, NADPH:oxygen oxidoreductase (N-(omega)-hydroxyarginine-forming)"
"R_NOS2","Arginine and proline metabolism","L-Arginine, NADPH:oxygen oxidoreductase (nitric-oxide-forming)"
"R_NOt","Transport, extracellular","Transport of nitric oxide via diffusion"
"R_NRHK","Nicotinate and nicotinamide metabolism","Ribosyldihydronicotinamide kinase"
"R_NRPPHRCHR1ERx","Phenylalanine, tyrosine and tryptophan metabolism","Noradrenochrome:NADH reductase (1e-)"
"R_NRPPHRCHR2ERy","Phenylalanine, tyrosine and tryptophan metabolism","N-ribosyldihydronicotinamide:noradrenochrome reductase (2e-)"
"R_NRPPHRCHR2ERz","Phenylalanine, tyrosine and tryptophan metabolism","N-ribosyldihydronicotinamide:noradrenochrome reductase (2e-)"
"R_NRPPHRCHRGST","Phenylalanine, tyrosine and tryptophan metabolism","Glutathione:noradrenochrome S-transferase"
"R_NRPPHRCHRSQOX","Phenylalanine, tyrosine and tryptophan metabolism","Oxidation of leuconoradrenochrome-o-semiquinone via O2"
"R_NRPPHRGTHABCte","Transport, extracellular","ATP-binding Cassette (ABC) export of 5-S-glutathionyl-L-noradrenaline"
"R_NRPPHRMT","Phenylalanine, tyrosine and tryptophan metabolism","Phenylethanolamine N-methyltransferase"
"R_NRPPHRO2SX_L","Phenylalanine, tyrosine and tryptophan metabolism","Oxidation of L-noradrenaline via superoxide"
"R_NRPPHRPX_L","Phenylalanine, tyrosine and tryptophan metabolism","Oxidation of L-noradrenaline via hydrogen peroxide"
"R_NRPPHRQ1ERx_L","Phenylalanine, tyrosine and tryptophan metabolism","L-noradrenaline-o-quinone:NADH reductase (1e-)"
"R_NRPPHRQ2ERy_L","Phenylalanine, tyrosine and tryptophan metabolism","N-ribosyldihydronicotinamide:L-noradrenaline-o-quinone reductase (2e-)"
"R_NRPPHRQ2ERz_L","Phenylalanine, tyrosine and tryptophan metabolism","N-ribosyldihydronicotinamide:L-noradrenaline-o-quinone reductase (2e-)"
"R_NRPPHRQC_L","Phenylalanine, tyrosine and tryptophan metabolism","Cyclicization of L-noradrenaline-o-quinone"
"R_NRPPHRQGST_L","Phenylalanine, tyrosine and tryptophan metabolism","Glutathione:L-noradrenaline-o-quinone S-transferase"
"R_NRPPHRSQDP_L","Phenylalanine, tyrosine and tryptophan metabolism","Disproportionation of L-noradrenaline-o-semiquinone"
"R_NRPPHRSQOX_L","Phenylalanine, tyrosine and tryptophan metabolism","Oxidation of L-noradrenaline-o-semiquinone via O2"
"R_NRPPHRt","Transport, extracellular","L-Noradrenaline transport via uniport"
"R_NTD2AMP","Nucleotide metabolism","2'-nucleotidase (AMP)"
"R_NTD2CMP","Nucleotide metabolism","2'-nucleotidase (CMP)"
"R_NTD2GMP","Nucleotide metabolism","2'-nucleotidase (GMP)"
"R_NTD2UMP","Nucleotide metabolism","2'-nucleotidase (UMP)"
"R_NTDAMP","Purine metabolism","5'-nucleotidase (AMP)"
"R_NTDAMPe","Nucleotide metabolism","5'-nucleotidase (AMP)"
"R_NTDCMP","Pyrimidine metabolism","5'-nucleotidase (CMP)"
"R_NTDDAMP","Purine metabolism","5'-nucleotidase (dAMP)"
"R_NTDDCMP","Pyrimidine metabolism","5'-nucleotidase (dCMP)"
"R_NTDDGMP","Purine metabolism","5'-nucleotidase (dGMP)"
"R_NTDDIMP","Purine metabolism","5'-nucleotidase (dIMP)"
"R_NTDDTMP","Pyrimidine metabolism","5'-nucleotidase (dTMP)"
"R_NTDDUMP","Pyrimidine metabolism","5'-nucleotidase (dUMP)"
"R_NTDGMP","Purine metabolism","5'-nucleotidase (GMP)"
"R_NTDIMP","Purine metabolism","5'-nucleotidase (IMP)"
"R_NTDOMP","Pyrimidine metabolism","5'-nucleotidase (Orotidine-5'-phosphate)"
"R_NTDPSUMP","Miscellaneous","5'-nucleotidase (psi-UMP)"
"R_NTDSAMP","Purine metabolism","5'-nucleotidase (sAMP)"
"R_NTDSZMP","Purine metabolism","5'-nucleotidase (SAICAR)"
"R_NTDUMP","Pyrimidine metabolism","5'-nucleotidase (UMP)"
"R_NTDXMP","Purine metabolism","5'-nucleotidase (XMP)"
"R_NTDZMP","Purine metabolism","5'-nucleotidase (AICAR)"
"R_NTPA","Nucleotide metabolism","NTP phosphohydrolase (ATP)"
"R_NTPAe","Nucleotide metabolism","NTP phosphohydrolase (ATP)"
"R_NTPC","Nucleotide metabolism","NTP phosphohydrolase (CTP)"
"R_NTPG","Nucleotide metabolism","NTP phosphohydrolase (GTP)"
"R_NTPPDC","Nucleotide metabolism","Nucleoside triphosphate pyrophosphorylase (dCTP)"
"R_NTPPDI","Nucleotide metabolism","Nucleoside triphosphate pyrophosphorylase (dITP)"
"R_NTPPI","Nucleotide metabolism","Nucleoside triphosphate pyrophosphorylase (ITP)"
"R_NTPPX","Nucleotide metabolism","Nucleoside triphosphate pyrophosphorylase (XTP)"
"R_NTPU","Nucleotide metabolism","NTP phosphohydrolase (UTP)"
"R_NUDT1_01","Nucleotide metabolism","Oxidized purine nucleoside triphosphate hydrolase_01"
"R_O2S_Cltex","Transport, extracellular","Transport of superoxide via chloride antiport"
"R_O2St","Transport, extracellular","Superoxide transport via diffusion"
"R_O2t","Transport, extracellular","Transport of O2"
"R_OAADC","Tricarboxylic acid cycle and glyoxylate/dicarboxylate metabolism","Oxaloacetate decarboxylase"
"R_OCTALDHx","Miscellaneous","Octanal (FAL 8:0) dehydrogenase (NADH)"
"R_OCTEAL2EDHx","Miscellaneous","Octenal (FAL 8:0(2E)) dehydrogenase (NADH)"
"R_OH1t","Transport, extracellular","Hydroxide transport via diffusion"
"R_OMPDC","Pyrimidine metabolism","Orotidine-5'-phosphate decarboxylase"
"R_ONOO_Cltex","Transport, extracellular","Transport of peroxynitrite via chloride antiport"
"R_ONOOCO2D1","Reactive species formation and detoxification","Nonenzymatic decay of peroxynitrite-carbon dioxide"
"R_ONOOCO2D2","Reactive species formation and detoxification","Nonenzymatic decay of peroxynitrite-carbon dioxide"
"R_ONOOCO2X","Reactive species formation and detoxification","Nonenzymatic formation of peroxynitrite-carbon dioxide"
"R_ONOOHc","Reactive species formation and detoxification","Deprotonation of protonated peroxynitrite"
"R_ONOOHD1","Reactive species formation and detoxification","Nonenzymatic decay of peroxynitrite to nitrate"
"R_ONOOHD2","Reactive species formation and detoxification","Nonenzymatic decay of peroxynitrite to nitrogen dioxide and hydroxyl radical"
"R_ONOOHe","Reactive species formation and detoxification","Deprotonation of protonated peroxynitrite"
"R_OPHGLXTA","Cysteine and methionine metabolism","Ophthalmate:glyoxylate transaminase"
"R_OPHOXATA","Cysteine and methionine metabolism","Ophthalmate:oxaloacetate transaminase"
"R_ORNDC","Arginine and proline metabolism","Ornithine Decarboxylase"
"R_ORNtec","Transport, extracellular","L-ornithine transport via facilitated diffusion (extracellular/cytosol)"
"R_OROTGLUex","Transport, extracellular","Transport of oroate via glutamate countertransport"
"R_ORPT","Pyrimidine metabolism","Orotate phosphoribosyltransferase"
"R_OXOGAH","Alanine, aspartate and glutamate metabolism","2-Oxoglutaramate amidohydrolase"
"R_OXOSUCAH","Alanine, aspartate and glutamate metabolism","2-Oxosuccinamate amidohydrolase"
"R_OXYHBAOX","Hemoglobin binding and degradation","Auto-oxidation of oxyhemoglobin"
"R_OXYHBNO2OX","Hemoglobin binding and degradation","Nitrite oxidation of oxyhemoglobin"
"R_OXYHBNOD","Hemoglobin binding and degradation","Oxyhemoglobin:nitric oxide dioxygenase"
"R_OXYHBONOOX","Hemoglobin binding and degradation","Oxyhemoglobin oxidation via peroxynitrite"
"R_OXYHBPX","Hemoglobin binding and degradation","Peroxidation of oxyhemoglobin"
"R_P4AH","Nucleotide metabolism","Adenosine-tetraphosphatase"
"R_P5CRx","Arginine and proline metabolism","Pyrroline-5-carboxylate reductase (NADH)"
"R_P5CRy","Arginine and proline metabolism","Pyrroline-5-carboxylate reductase (NADPH)"
"R_PAFH","Glycerophospholipid metabolism","1-Alkyl-2-acetyl-sn-glycero-3-phosphocholine (PC O) acetohydrolase"
"R_PAFS","Glycerophospholipid metabolism","Lysoplas:Acetyl-CoA (LPC O) 2-O-acetyltransferase"
"R_PAN4PP","Pantothenate and CoA metabolism","(R)-4'-phosphopantetheine phosphatase"
"R_PAOACPP","Ether lipid metabolism","Alkylacetylglycerol phosphate (PA O-) phosphatase"
"R_PAPLA2","Glycerolipid metabolism","Phosphatidate (PA) phospholipase A2"
"R_PAPP","Glycerolipid metabolism","Phosphatidate (PA) phosphatase"
"R_PAPPO","Glycerolipid metabolism","Alkylacylglycerol (PA O) phosphatase"
"R_PARP10_01","Protein modification","Protein mono-ADP-ribosyltransferase_01"
"R_PCETHTP","Glycerophospholipid metabolism","Phosphatidylcholine (PC):ethanol transphosphatidylation"
"R_PCFLOPt","Transport, extracellular","Phosphatidylcholine (PC) floppase"
"R_PCOPLA2","Ether lipid metabolism","Plasmanylphosphocholine (PC O-) phospholipase A2"
"R_PCPLA2","Glycerophospholipid metabolism","Phosphatidylcholine (PC) phospholipase A2"
"R_PCPLD","Glycerophospholipid metabolism","Phosphatidylcholine (PC) phospholipase D"
"R_PCPPLA2","Ether lipid metabolism","Plasmenylphosphocholine (PC P-) phospholipase A2"
"R_PCSCRt","Transport, extracellular","Phosphatidylcholine (PC) scramblase"
"R_PDEA","Purine metabolism","3',5'-cyclic-nucleotide phosphodiesterase (cAMP)"
"R_PDEG","Purine metabolism","3',5'-cyclic-nucleotide phosphodiesterase (cGMP)"
"R_PDEI","Purine metabolism","3',5'-cyclic-nucleotide phosphodiesterase (cIMP)"
"R_PDX5PO","Vitamin B6 metabolism","Pyridoxine 5'-phosphate oxidase"
"R_PDXPP","Vitamin B6 metabolism","Pyridoxine 5-phosphate phosphatase"
"R_PEFLIPt","Transport, extracellular","Phosphatidylethanolamine (PE) flippase"
"R_PEFLOPt","Transport, extracellular","Phosphatidylethanolamine (PE) floppase"
"R_PENMT1","Glycerophospholipid metabolism","Phosphatidylethanolamine (PE) N-methyltransferase"
"R_PENMT2","Glycerophospholipid metabolism","Phosphatidyl-(N-methyl)-ethanolamine (PE-NMe) N-methyltransferase"
"R_PENMT3","Glycerophospholipid metabolism","Phosphatidyl-(N-dimethyl)-ethanolamine (PE-NMe2) N-methyltransferase"
"R_PEPCK","Pyruvate metabolism","Phosphoenolpyruvate carboxykinase (GTP)"
"R_PEPLA2","Glycerophospholipid metabolism","Phosphatidylethanolamine (PE) phospholipase A2"
"R_PEPPLA2","Ether lipid metabolism","Plasmenylethanolamine (PE P-) phospholipase A2"
"R_PEPTDPROI","Miscellaneous","Peptidylprolyl isomerase"
"R_PESCRt","Transport, extracellular","Phosphatidylethanolamine (PE) scramblase"
"R_PETHCT","Glycerophospholipid metabolism","Phosphoethanolamine cytidyltransferase"
"R_PETHt","Transport, extracellular","Phosphatidylethanol (PEth) transport"
"R_PFDPP","Peptide metabolism","L-prolyl-L-phenylalanine dipeptidase"
"R_PFK","Glycolysis / Gluconeogenesis","Phosphofructokinase"
"R_PGA1GTHABC","Transport, extracellular","ATP-binding Cassette (ABC) export of S-(PGA1)-glutathione"
"R_PGA2GTHABC","Transport, extracellular","ATP-binding Cassette (ABC) export of S-(PGA2)-glutathione"
"R_PGA3GTHABC","Transport, extracellular","ATP-binding Cassette (ABC) export of S-(PGA3)-glutathione"
"R_PGCD","Glycine, serine and threonine metabolism","3-Phospho-D-glycerate:NAD + 2-oxidoreductase"
"R_PGD21GH","Prostaglandin biosynthesis","Prostaglandin D2 1-glycerol ester hydrolase"
"R_PGD2Ry","Prostaglandin biosynthesis","Prostaglandin D2 reductase (NADPH)"
"R_PGD2S","Prostaglandin biosynthesis","Prostaglandin D2 synthase"
"R_PGD2te","Transport, extracellular","Transport of prostaglandin D2"
"R_PGDF21GH","Prostaglandin biosynthesis","Prostaglandin F2 1-glycerol ester hydrolase"
"R_PGE1ABCte","Transport, extracellular","ATP-binding Cassette (ABC) export of prostaglandine E1"
"R_PGE1DHy","Prostaglandin biosynthesis","15-hydroxyprostaglandin-E1 dehydrogenase (NADP(+))"
"R_PGE1DHYD","Prostaglandin biosynthesis","Prostaglandin E1 dehydration"
"R_PGE1Ry","Prostaglandin biosynthesis","Prostaglandin E2 reductase (NADPH)"
"R_PGE1S","Prostaglandin biosynthesis","Prostaglandin E1 synthase"
"R_PGE21GH","Prostaglandin biosynthesis","Prostaglandin E2 1-glycerol ester hydrolase"
"R_PGE2ABCte","Transport, extracellular","ATP-binding Cassette (ABC) export of prostaglandine E2"
"R_PGE2DHy","Prostaglandin biosynthesis","15-hydroxyprostaglandin-E2 dehydrogenase (NADP(+))"
"R_PGE2DHYD","Prostaglandin biosynthesis","Prostaglandin E2 dehydration"
"R_PGE2Ry","Prostaglandin biosynthesis","Prostaglandin E2 reductase (NADPH)"
"R_PGE2S","Prostaglandin biosynthesis","Prostaglandin E2 synthase"
"R_PGE2te","Transport, extracellular","Transport of prostaglandin E2"
"R_PGE3ABCte","Transport, extracellular","ATP-binding Cassette (ABC) export of prostaglandine E3"
"R_PGE3DHy","Prostaglandin biosynthesis","15-hydroxyprostaglandin-E3 dehydrogenase (NADP(+))"
"R_PGE3DHYD","Prostaglandin biosynthesis","Prostaglandin E3 dehydration"
"R_PGE3Ry","Prostaglandin biosynthesis","Prostaglandin E2 reductase (NADPH)"
"R_PGE3S","Prostaglandin biosynthesis","Prostaglandin E3 synthase"
"R_PGF1ABCte","Transport, extracellular","ATP-binding Cassette (ABC) export of prostaglandine F1"
"R_PGF1DHy","Prostaglandin biosynthesis","15-hydroxyprostaglandin-F1alpha dehydrogenase (NADP(+))"
"R_PGF2ABCte","Transport, extracellular","ATP-binding Cassette (ABC) export of prostaglandine F2"
"R_PGF2DHy","Prostaglandin biosynthesis","15-hydroxyprostaglandin-F2alpha dehydrogenase (NADP(+))"
"R_PGF3ABCte","Transport, extracellular","ATP-binding Cassette (ABC) export of prostaglandine F3"
"R_PGF3DHy","Prostaglandin biosynthesis","15-hydroxyprostaglandin-F3alpha dehydrogenase (NADP(+))"
"R_PGG1GTHR","Prostaglandin biosynthesis","Glutathione:prostaglandin G1 oxidoreductase"
"R_PGG1S","Prostaglandin biosynthesis","Fatty acid (FA 20:3(8Z,11Z,14Z)) cyclooxygenase"
"R_PGG2GTHR","Prostaglandin biosynthesis","Prostaglandin G2:glutathione hydroperoxidase"
"R_PGG2S","Prostaglandin biosynthesis","Fatty acid (FA 20:4(5Z,8Z,11Z,14Z)) cyclooxygenase"
"R_PGG3GTHR","Prostaglandin biosynthesis","Glutathione:prostaglandin G3 oxidoreductase"
"R_PGG3S","Prostaglandin biosynthesis","Fatty acid (FA 20:5(5Z,8Z,11Z,14Z,17Z)) cyclooxygenase"
"R_PGH2Ry","Prostaglandin biosynthesis","Prostaglandin H2 reductase (NADPH)"
"R_PGI","Glycolysis / Gluconeogenesis","Glucose-6-phosphate isomerase (beta-D-glucose 6-phosphate)"
"R_PGK","Glycolysis / Gluconeogenesis","Phosphoglycerate kinase"
"R_PGL","Pentose phosphate pathway","6-phosphogluconolactonase"
"R_PGLYCK","Tricarboxylic acid cycle and glyoxylate/dicarboxylate metabolism","Erroneous formation of 2-phosphoglycolate"
"R_PGLYCP","Tricarboxylic acid cycle and glyoxylate/dicarboxylate metabolism","Phosphoglycolate phosphatase"
"R_PGM","Glycolysis / Gluconeogenesis","Phosphoglycerate mutase"
"R_PGMT","Glycolysis / Gluconeogenesis","Phosphoglucomutase"
"R_PGMTa","Glycolysis / Gluconeogenesis","Phosphoglucomutase (alpha-D-glucose 1-phosphate)"
"R_PHEADMARGNaEx","Transport, extracellular","L-phenylalanine/Asymmetric N(omega),N(omega)-dimethyl-L-arginine Na-dependent exchange (Phe-L in)"
"R_PHEALANaEx","Transport, extracellular","L-phenylalanine/L-alanine Na-dependent exchange (Phe-L in)"
"R_PHEARGNaEx","Transport, extracellular","L-phenylalanine/L-arginine Na-dependent exchange (Phe-L in)"
"R_PHECITRNaEx","Transport, extracellular","L-phenylalanine/L-citrulline Na-dependent exchange (Phe-L in)"
"R_PHELYSNaEx","Transport, extracellular","L-phenylalanine/L-arginine Na-dependent exchange (Phe-L in)"
"R_PHEMEt","Transport, extracellular","Transport of heme"
"R_PHEMMARGNaEx","Transport, extracellular","L-phenylalanine/N(omega)-methyl-L-arginine Na-dependent exchange (Phe-L in)"
"R_PHEORNNaEx","Transport, extracellular","L-phenylalanine/L-ornithine Na-dependent exchange (Phe-L in)"
"R_PHEPROex","Transport, extracellular","L-phenylalanine/L-proline exchange"
"R_PHESERex","Transport, extracellular","L-phenylalanine/L-serine exchange"
"R_PHETA1","Phenylalanine, tyrosine and tryptophan metabolism","Phenylalanine transaminase"
"R_PHEtec","Transport, extracellular","L-phenylalanine transport via facilitated diffusion (extracellular/cytosol)"
"R_PHETHPTOX2","Phenylalanine, tyrosine and tryptophan metabolism","L-Phenylalanine,tetrahydrobiopterin:oxygen oxidoreductase (4-hydroxylating)"
"R_PHETHRex","Transport, extracellular","L-phenylalanine/L-threonine exchange"
"R_PHETRPex","Transport, extracellular","L-phenylalanine/L-tyrptophan exchange"
"R_PHETRS","Aminoacyl-tRNA biosynthesis","L-Phenylalanine:tRNA(Ala) ligase (AMP-forming)"
"R_PHETYRex","Transport, extracellular","L-phenylalanine/L-tyrosine exchange"
"R_PHEVALex","Transport, extracellular","L-phenylalanine/L-valine exchange"
"R_PHLAC","Phenylalanine, tyrosine and tryptophan metabolism","Phenyllactate:NAD + oxidoreductase"
"R_PHPT1","Protein modification","Phosphohistidine phosphatase (pros-nitrogen)"
"R_PHPT2","Protein modification","Phosphohistidine phosphatase (tele-nitrogen)"
"R_PHPYRAT","Phenylalanine, tyrosine and tryptophan metabolism","L-glutamine:phenylpyruvate aminotransferase"
"R_PHPYRT","Phenylalanine, tyrosine and tryptophan metabolism","Phenylpyruvate tautomerase"
"R_PI2Natex","Transport, extracellular","Transport of phosphate via sodium cotransport"
"R_PI345P5P","Inositol phosphate metabolism","Phosphatidylinositol-3,4,5-trisphosphate (PIP3[3',4',5']) 5-phosphatase"
"R_PI34P5K","Inositol phosphate metabolism","Phosphatidylinositol-3,4-bisphosphate (PIP2[3',4']) 5-kinase"
"R_PI35P3P","Inositol phosphate metabolism","Phosphatidylinositol-3,5-bisphosphate (PIP2[3',5']) 3-phosphatase"
"R_PI35P4K","Inositol phosphate metabolism","Phosphatidylinositol-3,5-bisphosphate (PIP2[3',5']) 4-kinase"
"R_PI35P5P","Inositol phosphate metabolism","Phosphatidylinositol-3,5-bisphosphate (PIP2[3',5']) 5-phosphatase"
"R_PI3K","Inositol phosphate metabolism","Phosphatidylinositol (PI) 3-kinase"
"R_PI3P4K","Inositol phosphate metabolism","Phosphatidylinositol 3-phosphate (PIP[3']) 4-kinase"
"R_PI3P5K","Inositol phosphate metabolism","Phosphatidylinositol 3-phosphate (PIP[3']) 5-kinase"
"R_PI3PP","Inositol phosphate metabolism","Phosphatidylinositol-3 phosphate (PIP[3']) 3-phosphatase"
"R_PI45P4P","Inositol phosphate metabolism","Phosphatidylinositol-4,5-bisphosphate (PIP2[4',5']) 4-phosphatase"
"R_PI45P5P","Inositol phosphate metabolism","Phosphatidylinositol-4,5-bisphosphate (PIP2[4',5']) 5-phosphatase"
"R_PI45PLC","Inositol phosphate metabolism","Phosphatidylinositol-4,5-bisphosphate (PIP2[4',5']) phospholipase C"
"R_PI4K","Inositol phosphate metabolism","Phosphatidylinositol (PI) 4-kinase"
"R_PI4P5K","Inositol phosphate metabolism","Phosphatidylinositol 4-phosphate (PIP[4']) 5-kinase"
"R_PI4PLC","Inositol phosphate metabolism","Phosphatidylinositol-4-phosphate (PIP[4']) phospholipase C"
"R_PI4PP","Inositol phosphate metabolism","Phosphatidylinositol 4-phosphate (PIP[4']) 4-phosphatase"
"R_PI5K","Inositol phosphate metabolism","Phosphatidylinositol (PI) 5-kinase"
"R_PI5P4KA","Inositol phosphate metabolism","Phosphatidylinositol 5-phosphate (PIP[5']) 4-kinase (ATP)"
"R_PI5P4KG","Inositol phosphate metabolism","Phosphatidylinositol 5-phosphate (PIP[5']) 4-kinase (GTP)"
"R_PIPLA2","Glycerophospholipid metabolism","Phosphatidylinositol (PI) phospholipase A2"
"R_PIPLC","Inositol phosphate metabolism","Phosphatidylinositol (PI) phospholipase C"
"R_PISCRt","Transport, extracellular","Phosphatidylinositol (PI) scramblase"
"R_PIt","Transport, extracellular","Inorganic phosphate exchange, diffusion"
"R_PLDPP","Peptide metabolism","L-prolyl-L-leucine dipeptidase"
"R_PMANM","Fructose and mannose metabolism","Phosphomannomutase"
"R_PNP","Nicotinate and nicotinamide metabolism","Purine-nucleoside phosphorylase (nicotinamide)"
"R_PNP2","Nicotinate and nicotinamide metabolism","Purine-nucleoside phosphorylase (nicotinate)"
"R_PNTOK","Pantothenate and CoA metabolism","ATP:pantothenate 4'-phosphotransferase"
"R_PNTOt","Transport, extracellular","(R)-pantothenate transport via passive diffusion"
"R_POLYADPRH","Nicotinate and nicotinamide metabolism","Poly(ADP-ribose) ADP-ribosylhydrolase"
"R_POLYUBBPL","Ubiquitin mediated proteolysis","Proteolysis of Polyubiquitin-B"
"R_POOL_FA","Pseudoreactions","Pooling reaction fatty acids (FA)"
"R_POOL_FACOA","Pseudoreactions","Pooling reaction Acyl-CoA (CoA)"
"R_PPA","Nucleotide metabolism","Inorganic diphosphatase"
"R_PPA_ACACtex","Transport, extracellular","Propanoate/Acetoacetate exchange"
"R_PPA_ACtex","Transport, extracellular","Propanoate/Acetate exchange"
"R_PPA_GLYCLTtex","Transport, extracellular","Propanoate/Glycolate exchange"
"R_PPA2","Nucleotide metabolism","Inorganic triphosphatase"
"R_PPAe","Nucleotide metabolism","Inorganic diphosphatase"
"R_PPALDHx","Miscellaneous","Propanal (FAL 3:0) dehydrogenase (NADH)"
"R_PPAt2r","Transport, extracellular","Propanoate transport via H + symport"
"R_PPBNGS","Porphyrin metabolism","Porphobilinogen synthase"
"R_PPCDC","Pantothenate and CoA metabolism","Phosphopantothenoylcysteine decarboxylase"
"R_PPCOAC","Pantothenate and CoA metabolism","Propionyl-CoA carboxylase"
"R_PPDOy","Pyruvate metabolism","Aldose reductase (D-lactaldehyde, NADPH)"
"R_PPDPP","Peptide metabolism","L-prolyl-L-proline dipeptidase"
"R_PPGPPDP","Nucleotide metabolism","Guanosine-3',5'-bis(diphosphate) 3'-diphosphatase"
"R_PPM","Pentose phosphate pathway","Phosphopentomutase"
"R_PPM2","Pentose phosphate pathway","Phosphopentomutase"
"R_PPMEPP2A","Protein modification","Protein phosphatase methylesterase"
"R_PPNCL3","Pantothenate and CoA metabolism","4'-Phosphopantothenate:L-cysteine ligase"
"R_PPP9ABCte","Transport, extracellular","ATP-binding Cassette (ABC) export of protoporphyrin IX"
"R_PRAGS","Purine metabolism","Phosphoribosylglycinamide synthase"
"R_PRAIS","Purine metabolism","Phosphoribosylaminoimidazole synthase"
"R_PRASCS","Purine metabolism","Phosphoribosylaminoimidazolesuccinocarboxamide synthase"
"R_PRDX1GRDX2CDG","Reactive species formation and detoxification","Deglutathionylation of peroxiredoxin (1-cys) via glutaredoxin (2-cys)"
"R_PRDX1GTHDG","Reactive species formation and detoxification","Deglutathionylation of peroxiredoxin (1-cys) via reduced glutathione"
"R_PRDX1GTHG","Reactive species formation and detoxification","Glutathionylation of peroxiredoxin (1-cys)"
"R_PRDX1OX1","Reactive species formation and detoxification","Oxidation of peroxiredoxin (1-cys) via hydrogen peroxide"
"R_PRDX2OX1","Reactive species formation and detoxification","Oxidation of peroxiredoxin (2-cys, reduced) via hydrogen peroxide"
"R_PRDX2OX2","Purine metabolism","Oxidation of peroxiredoxin (2-cys, reduced) via urate hydroperoxide"
"R_PRDX2SO2OX1","Reactive species formation and detoxification","Peroxiredoxin (2-cys, sulfinic acid) hyperoxidation via hydrogen peroxide"
"R_PRDX2SOOX1","Reactive species formation and detoxification","Peroxiredoxin (2-cys, sulfenic acid) hyperoxidation via hydrogen peroxide"
"R_PRDX2SOR","Reactive species formation and detoxification","Resolution of peroxiredoxin (2-cys, sulfenic acid)"
"R_PRDX2TRDXRD","Reactive species formation and detoxification","Reduction of peroxiredoxin (2-cys, oxidized) via thioredoxin"
"R_PRFGS","Purine metabolism","Phosphoribosylformylglycinamidine synthase"
"R_PRGNABCte","Transport, extracellular","ATP-binding Cassette (ABC) export of pregnenolone with glutathione cotransport"
"R_PRGNSABCte","Transport, extracellular","ATP-binding Cassette (ABC) export of pregnenolone sulfate with glutathione cotransport"
"R_PRGNStec","Transport, extracellular","Transport of pregnenolone sulfate"
"R_PRGSTRNRy","Steroid metabolism","Progesterone reductase (NADPH)"
"R_PRGSTRNt","Transport, extracellular","Transport of progesterone"
"R_PRMTADMA","Protein modification","Protein arginine methyltransferase (Protein asymmetric dimethylarginine-forming)"
"R_PRMTMMA","Protein modification","Protein arginine methyltransferase (Protein N(omega)-methyl-L-arginine-forming)"
"R_PRMTSDMA","Protein modification","Protein arginine methyltransferase (Protein symmetric dimethylarginine-forming)"
"R_PRO_Cl_2Nat","Transport, extracellular","Proline transport via Na:Cl cotransport(2:1:1)"
"R_PROADMARGNaEx","Transport, extracellular","L-proline/Asymmetric N(omega),N(omega)-dimethyl-L-arginine Na-dependent exchange (Pro-L in)"
"R_PROARGNaEx","Transport, extracellular","L-proline/L-arginine Na-dependent exchange (Pro-L in)"
"R_PROCITRNaEx","Transport, extracellular","L-proline/L-citrulline Na-dependent exchange (Pro-L in)"
"R_PROLYSNaEx","Transport, extracellular","L-proline/L-arginine Na-dependent exchange (Pro-L in)"
"R_PROMMARGNaEx","Transport, extracellular","L-proline/N(omega)-methyl-L-arginine Na-dependent exchange (Pro-L in)"
"R_PROORNNaEx","Transport, extracellular","L-proline/L-ornithine Na-dependent exchange (Pro-L in)"
"R_PROSERex","Transport, extracellular","L-proline/L-serine exchange"
"R_PROSTGA1GST","Prostaglandin biosynthesis","Glutathione:prostaglandin A1 S-transferase"
"R_PROSTGA2GST","Prostaglandin biosynthesis","Glutathione:prostaglandin A2 S-transferase"
"R_PROSTGA3GST","Prostaglandin biosynthesis","Glutathione:prostaglandin A3 S-transferase"
"R_PROTCADPRH","Protein modification","Protein cysteine mono-ADP-ribosylhydrolase"
"R_PROTCADPRT","Protein modification","Protein cysteine mono-ADP-ribosyltransferase"
"R_PROTCDGLAC_D","Protein modification","[Protein]-L-cysteine-1-hydroxypropan-2-one hydrolase [(R)-lactate-forming]"
"R_PROTCDGLAC_L","Protein modification","[Protein]-L-cysteine-1-hydroxypropan-2-one hydrolase [(S)-lactate-forming]"
"R_PROTCMTHGXL","Protein modification","Nonenzymatic glycation of [protein]-L-cysteine"
"R_PROTCSAE_14_0","Protein modification","Acyl-protein thioesterase"
"R_PROTCSAE_16_0","Protein modification","Acyl-protein thioesterase"
"R_PROTCSAE_18_0","Protein modification","Acyl-protein thioesterase"
"R_PROTCSAT_14_0","Protein modification","S-protein acyltransferase (FA 14:0)"
"R_PROTCSAT_16_0","Protein modification","S-protein acyltransferase (FA 16:0)"
"R_PROTCSAT_18_0","Protein modification","S-protein acyltransferase (FA 18:0)"
"R_PROTCSNOCOANT","Protein modification","SNO-CoA-assisted protein nitrosylase"
"R_PROTDDHYD_D","Protein modification","Nonenzymatic dehydration of D-aspartyl protein residue"
"R_PROTDDHYD_L","Protein modification","Nonenzymatic dehydration  of L-aspartyl protein residue"
"R_PROTDMH_D","Protein modification","Nonenzymatic hydrolysis of D-aspartyl-O-beta-methyl-[protein]"
"R_PROTDMT_D","Protein modification","Protein-D-aspartate O-methyltransferase"
"R_PROtec","Transport, extracellular","L-proline transport via facilitated diffusion"
"R_PROTGMT","Protein modification","Protein-L-glutamate O-methyltransferase"
"R_PROTHRex","Transport, extracellular","L-proline/L-threonine exchange"
"R_PROTIDDHYD_D","Protein modification","Nonenzymatic dehydration of D-isoaspartyl protein residue"
"R_PROTISODDHYD_L","Protein modification","Nonenzymatic dehydration of L-isoaspartyl protein residue"
"R_PROTISODMH_L","Protein modification","Nonenzymatic hydrolysis of L-isoaspartyl-O-alpha-methyl ester"
"R_PROTISODMT_L","Protein modification","Protein-L-isoaspartate O-methyltransferase"
"R_PROTKACTPAC","Protein modification","Nonenzymatic protein acetylation via acetyl phosphate"
"R_PROTKDAC","Protein modification","Protein-lysine deacylase"
"R_PROTKDG6PGL","Protein modification","Nonenzymatic protein glycolyslation via D-glucose-6-phosphate"
"R_PROTKDGLAC_D","Protein modification","[Protein]-L-lysine-1-hydroxypropan-2-one hydrolase [(R)-lactate-forming]"
"R_PROTKDGLAC_L","Protein modification","[Protein]-L-lysine-1-hydroxypropan-2-one hydrolase [(S)-lactate-forming]"
"R_PROTKDGLCGL","Protein modification","Nonenzymatic protein glycolyslation via D-glucose"
"R_PROTKDR5PGL","Protein modification","Nonenzymatic protein glycolyslation via D-ribose-5-phosphate"
"R_PROTKF3PDG","Protein modification","Nonenzymatic protein deglycolyslation of 3-O-phospho-D-fructosyl"
"R_PROTKF6PPP","Protein modification","Protein fructosamine 6-phosphatase"
"R_PROTKFRU3K","Protein modification","Protein fructosamine 3-kinase"
"R_PROTKMTHGXL","Protein modification","Nonenzymatic glycation of [protein]-L-lysine"
"R_PROTKNADDAC","Protein modification","NAD-dependent protein deacetylase ([Protein]-lysine forming)"
"R_PROTKRBLK","Protein modification","Protein ribulosamine 3-kinase"
"R_PROTKRU3PDG","Protein modification","Nonenzymatic protein deglycolyslation of 3-O-phospho-D-ribulosyl"
"R_PROTKRU5PPP","Protein modification","Protein ribulosamine-5-phosphatase"
"R_PROTKSUCT","Protein modification","Protein lysine succinyltransferase"
"R_PROTKTnAgGALT","Protein modification","UDP-galactose:glycoprotein-N-acetyl-D-galactosamine 3-beta-D-galactosyltransferase"
"R_PROTMSOXTRD","Cysteine and methionine metabolism","peptide-methionine (S)-S-oxide reductase"
"R_PROTNDA","Protein modification","Nonenzymatic deamidation of L-asparaginyl protein residue"
"R_PROTNK1","Protein modification","Protein histidine kinase (pros-nitrogen)"
"R_PROTNK2","Protein modification","Protein histidine kinase  (tele-nitrogen)"
"R_PROTQADRNLGMT","Protein modification","Protein-glutamine gamma-glutamyltransferase (noradrenaline)"
"R_PROTQDPAMGMT","Protein modification","Protein-glutamine gamma-glutamyltransferase (dopamine)"
"R_PROTQGLUN","Protein modification","Protein-glutamine glutaminase"
"R_PROTQHISTAGMT","Protein modification","Protein-glutamine gamma-glutamyltransferase (histamine)"
"R_PROTQPROTLGMT","Protein modification","Protein-glutamine gamma-glutamyltransferase (L-lysyl-[protein])"
"R_PROTQSRTNGMT","Protein modification","Protein-glutamine gamma-glutamyltransferase (histamine)"
"R_PROTRADPRTe","Nicotinate and nicotinamide metabolism","Ecto-ADP-ribosyltransferase (Dombrock blood group, inactive)"
"R_PROTRDGLAC_D","Protein modification","[Protein]-L-arginine-1-hydroxypropan-2-one hydrolase [(R)-lactate-forming]"
"R_PROTRDGLAC_L","Protein modification","[Protein]-L-arginine-1-hydroxypropan-2-one hydrolase [(S)-lactate-forming]"
"R_PROTRMTHGXL","Protein modification","Nonenzymatic glycation of [protein]-L-arginine"
"R_PROTRPex","Transport, extracellular","L-proline/L-tyrptophan exchange"
"R_PROTRS","Aminoacyl-tRNA biosynthesis","L-proline:tRNA(Pro) ligase (AMP-forming)"
"R_PROTS3OACGAMH","Protein modification","[protein]-3-O-(N-acetyl-D-glucosaminyl)-L-serine N-acetylglucosaminyl hydrolase"
"R_PROTSACGALT","Protein modification","UDP-N-acetyl-D-galactosamine:protein-O-beta-N-acetyl-D-galactosaminyl transferase"
"R_PROTSACGAMT","Protein modification","UDP-N-acetyl-D-glucosamine:protein-O-beta-N-acetyl-D-glucosaminyl transferase"
"R_PROTSADPRH","Protein modification","Protein serine mono-ADP-ribosylhydrolase"
"R_PROTSK","Protein modification","L-seryl-[protein] kinase"
"R_PROTSPP","Protein modification","O-phospho-L-seryl-[protein] phosphatase"
"R_PROTSTnAgGALT","Protein modification","UDP-galactose:glycoprotein-N-acetyl-D-galactosamine 3-beta-D-galactosyltransferase"
"R_PROTSUCAMR","Protein modification","Nonenzymatic racemization of succinimide"
"R_PROTT3OACGAMH","Protein modification","[protein]-3-O-(N-acetyl-D-glucosaminyl)-L-threonine N-acetylglucosaminyl hydrolase"
"R_PROTTACGALT","Protein modification","UDP-N-acetyl-D-galactosamine:protein-O-beta-N-acetyl-D-galactosaminyl transferase"
"R_PROTTACGAMT","Protein modification","UDP-N-acetyl-D-glucosamine:protein-O-beta-N-acetyl-D-glucosaminyl transferase"
"R_PROTTK","Protein modification","L-threonyl-[protein] kinase"
"R_PROTTPP","Protein modification","O-phospho-L-threonyl-[protein] phosphatase"
"R_PROTYK","Protein modification","L-tyrosyl-[protein] kinase"
"R_PROTYPP","Protein modification","O-phospho-L-tyrosyl-[protein] phosphatase"
"R_PROTYRex","Transport, extracellular","L-proline/L-tyrosine exchange"
"R_PROVALex","Transport, extracellular","L-proline/L-valine exchange"
"R_PRPPPP","Starch and sucrose metabolism","5-Phosphoribosyl 1-Pyrophosphate Pyrophosphatase"
"R_PRPPS","Pentose phosphate pathway","Phosphoribosylpyrophosphate synthetase"
"R_PRPPSZ","Purine metabolism","ZTP:D-ribose-5-phosphate diphosphotransferase"
"R_PSDC","Glycerophospholipid metabolism","Phosphatidylserine (PS) decarboxylase"
"R_PSERT","Glycine, serine and threonine metabolism","Phosphoserine transaminase"
"R_PSFLIPt","Transport, extracellular","Phosphatidylserine (PS) flippase"
"R_PSFLOPt","Transport, extracellular","Phosphatidylserine (PS) floppase"
"R_PSP_L","Glycine, serine and threonine metabolism","Phosphoserine phosphatase"
"R_PSPLA2","Glycerophospholipid metabolism","Phosphatidylserine (PS) phospholipase A2"
"R_PSSCRt","Transport, extracellular","Phosphatidylserine (PS) scramblase"
"R_PTHPS","Biopterin metabolism","6-pyruvoyltetrahydropterin synthase"
"R_PTPAT","Pantothenate and CoA metabolism","Pantetheine-phosphate adenylyltransferase"
"R_PTRCtex2","Transport, extracellular","Putrescine excretion cytosol to extracellular"
"R_PTTHK","Pantothenate and CoA metabolism","ATP:pantetheine 4'-phosphotransferase"
"R_PUNP3","Purine metabolism","Purine-nucleoside phosphorylase (guanosine)"
"R_PUNP4","Purine metabolism","Purine-nucleoside phosphorylase (deoxyguanosine)"
"R_PUNP5","Purine metabolism","Purine-nucleoside phosphorylase (inosine)"
"R_PUNP6","Purine metabolism","Purine-nucleoside phosphorylase (deoxyinosine)"
"R_PUNP7","Purine metabolism","Purine-nucleoside phosphorylase (xanthosine)"
"R_PYAM5PO","Vitamin B6 metabolism","Pyridoxamine 5'-phosphate oxidase"
"R_PYDAMK","Vitamin B6 metabolism","Pyridoxamine kinase"
"R_PYDAMPP","Vitamin B6 metabolism","Pyridoxamine 5'-phosphate phosphatase"
"R_PYDAMtr","Transport, extracellular","Pyridoxamine transport via diffusion"
"R_PYDXDH","Vitamin B6 metabolism","Pyridoxal dehydrogenase"
"R_PYDXK","Vitamin B6 metabolism","Pyridoxal kinase"
"R_PYDXNHt","Transport, extracellular","Pyridoxine transport via proton symport"
"R_PYDXNK","Vitamin B6 metabolism","Pyridoxine kinase"
"R_PYDXNtr","Transport, extracellular","Pyridoxine transport via diffusion"
"R_PYDXPP","Vitamin B6 metabolism","Pyridoxal 5-phosphate phosphatase"
"R_PYDXPPe","Vitamin B6 metabolism","Pyridoxal 5-phosphate phosphatase"
"R_PYDXtr","Transport, extracellular","Pyridoxal transport via diffusion"
"R_PYK","Glycolysis / Gluconeogenesis","Pyruvate kinase"
"R_PYR_2HBtex","Transport, extracellular","Pyruvate/2-hydroxybutyrate exchange"
"R_PYR_2OBUTtex","Transport, extracellular","Pyruvate/2-oxobutyrate exchange"
"R_PYR_5OXPROtex","Transport, extracellular","Pyruvate/5-oxoproline exchange"
"R_PYR_ACACtex","Transport, extracellular","Pyruvate/Acetoacetate exchange"
"R_PYR_ACtex","Transport, extracellular","Pyruvate/Acetate exchange"
"R_PYR_BUTtex","Transport, extracellular","Pyruvate/Butyrate exchange"
"R_PYR_Cltex","Transport, extracellular","Transport of pyruvate via chlroide anion exchange"
"R_PYR_DLACtex","Transport, extracellular","Pyruvate/D-lactate exchange"
"R_PYR_GLYCLTtex","Transport, extracellular","Pyruvate/Glycolate exchange"
"R_PYR_LLACtex","Transport, extracellular","Pyruvate/L-lactate exchange"
"R_PYR_PPAtex","Transport, extracellular","Pyruvate/Propanoate exchange"
"R_PYRRLHYD","Arginine and proline metabolism","Nonenzymatic tautomerization of 1-pyrroline"
"R_PYRt2","Transport, extracellular","Pyruvate transport in via proton symport"
"R_Q102ERx","Miscellaneous","Ubiquinone10:NADH reductase (2e-)"
"R_Q102ERy","Miscellaneous","Ubiquinone10:NADPH reductase (2e-)"
"R_Q102ERz","Miscellaneous","N-ribosyldihydronicotinamide:ubiquinone 10 reductase (2e-)"
"R_QMPNH","Miscellaneous","Queuosine 5'-phosphate N-glycosylase/hydrolase"
"R_QUILSYN","Nicotinate and nicotinamide metabolism","Quinolinate Synthase(non-enzymatic)"
"R_R15BPS1","Starch and sucrose metabolism","Ribose-1,5-bisphosphate synthase"
"R_R5PCT","Pentose and glucuronate interconversions","D-ribitol-5-phosphate cytidylyltransferase"
"R_R5PP","Pentose and glucuronate interconversions","D-ribose 5-phosphate phosphatase"
"R_RADH1x","Retinol metabolism","Retinal dehydrogenase (all-trans,NADH)"
"R_RADH2x","Retinol metabolism","Retinal dehydrogenase (9Z,NADH)"
"R_RADH3x","Retinol metabolism","Retinal dehydrogenase (11Z,NADH)"
"R_RADH4x","Retinol metabolism","Retinal dehydrogenase (13Z,NADH)"
"R_RBFK","Riboflavin metabolism","Riboflavin kinase"
"R_RBK","Pentose phosphate pathway","Ribokinase (D-ribose)"
"R_RBTCT","Pentose and glucuronate interconversions","D-ribitol-5-phosphate cytidylyltransferase"
"R_RBTDG_Dx","Pentose and glucuronate interconversions","Ribitol:NAD+ 2-oxidoreductase (D-ribose)"
"R_RBTDG2_Dx","Pentose and glucuronate interconversions","Ribitol:NAD+ 2-oxidoreductase (D-ribulose)"
"R_RBTt","Transport, extracellular","Transport of ribitol via diffusion"
"R_RBVDA","Ribavirin metabolism","Adenosine deaminase (ribavirin)"
"R_RBVDPK","Ribavirin metabolism","Nucleoside-diphosphate kinase (ATP:6TGDP)"
"R_RBVIMPT","Ribavirin metabolism","Nucleoside phosphotransferase (IMP:ribavirin)"
"R_RBVK","Ribavirin metabolism","Adenosine kinase"
"R_RBVMPK","Ribavirin metabolism","Guanylate kinase (Ribavirin monophosphate)"
"R_RBVNTD","Ribavirin metabolism","5'-nucleotidase (Ribavirin monophosphate)"
"R_RBVNTPP","Ribavirin metabolism","Nucleoside triphosphate pyrophosphorylase (ITP)"
"R_RBVPNP","Ribavirin metabolism","Purine-nucleoside phosphorylase (ribavirin)"
"R_RBVt","Transport, extracellular","Transport of ribavirin"
"R_RDH1y","Retinol metabolism","Retinol dehydrogenase (all-trans,NADPH)"
"R_RDH2y","Retinol metabolism","Retinol dehydrogenase (9Z,NADPH)"
"R_RDH3y","Retinol metabolism","Retinol dehydrogenase (11Z,NADPH)"
"R_RDH4y","Retinol metabolism","Retinol dehydrogenase (13Z,NADPH)"
"R_RETt","Transport, extracellular","Transport of retinal"
"R_RIBFLVABCte","Transport, extracellular","ATP-binding Cassette (ABC) export of ribofavin"
"R_RIBFLVt","Transport, extracellular","Transport of riboflavin"
"R_RIBt","Transport, extracellular","Transport of D-ribose via facilitated diffusion"
"R_RNAMHt","Transport, extracellular","Dihydronicotinamide riboside transport"
"R_RNAMt","Transport, extracellular","Transport of nicotinamide ribonucleoside"
"R_RPE","Pentose phosphate pathway","Ribulose 5-phosphate 3-epimerase"
"R_RPI","Pentose phosphate pathway","Ribose-5-phosphate isomerase"
"R_RPPTPAP","Peptide metabolism","L-arginyl-L-prolyl-L-proline tripeptide aminopeptidase"
"R_RU5PCT","Pentose and glucuronate interconversions","D-ribitol-5-phosphate cytidylyltransferase"
"R_SAICAABCte","Transport, extracellular","ATP-binding Cassette (ABC) export of SAICA ribotide"
"R_SALMCOM","Phenylalanine, tyrosine and tryptophan metabolism","S-Adenosyl-L-methionine:noradrenaline O-methyltransferase"
"R_SALMCOM2","Phenylalanine, tyrosine and tryptophan metabolism","S-Adenosyl-L-methionine:adrenaline O-methyltransferase"
"R_SARCOX","Glycine, serine and threonine metabolism","Sarcosine oxidase"
"R_SARCS_Cl_2Nat","Transport, extracellular","Sarcosine transport via Na:Cl cotransport(2:1:1)"
"R_SBT_Dt","Transport, extracellular","Transport of sorbitol"
"R_SBTD_D2","Fructose and mannose metabolism","D-glucitol:NAD+ 2-oxidoreductase"
"R_SBTRa","Fructose and mannose metabolism","D-Glucitol:NADP+ 1-oxidoreductase"
"R_SEAHCYSHYD","Selenocompound metabolism","Se-Adenosylselenohomocysteine hydrolase"
"R_SELCYSTL1","Selenocompound metabolism","Selenocystathionine L-homocysteine-lyase (deaminating)"
"R_SELCYSTL2","Selenocompound metabolism","Selenocystathionine L-homocysteine-lyase (deaminating)"
"R_SELDIGTHOXy","Selenocompound metabolism","Glutathioselenol:NADP oxidoreductase"
"R_SELGTHGTHR","Selenocompound metabolism","Hydrogen selenide:glutathione oxidoreductase"
"R_SELMETAT","Selenocompound metabolism","Selenomethionine adenosyltransferase"
"R_SELMETHL1","Selenocompound metabolism","Selenomethionine methanethiol-lyase (deaminating)"
"R_SELNI_Cltex","Transport, extracellular","Transport of selenite via chloride antiport"
"R_SELNI4GTHOR","Selenocompound metabolism","Selenodiglutathione:glutathione+ oxidoreductase"
"R_SELNIOR3y","Selenocompound metabolism","Hydrogen selenide:NADP+ oxidoreductase;"
"R_SELNt","Transport, extracellular","Transport of selenide"
"R_SER_Cltex","Transport, extracellular","Serine transport via chloride antiport"
"R_SERADMARGNaEx","Transport, extracellular","L-serine/Asymmetric N(omega),N(omega)-dimethyl-L-arginine Na-dependent exchange (Ser-L in)"
"R_SERALANaEx","Transport, extracellular","L-serine/L-alanine Na-dependent exchange (Ser-L in)"
"R_SERARGNaEx","Transport, extracellular","L-serine/L-arginine Na-dependent exchange (Ser-L in)"
"R_SERASNNaEx","Transport, extracellular","L-serine/L-asparagine Na-dependent exchange (Ser-L in)"
"R_SERCITRNaEx","Transport, extracellular","L-serine/L-citrulline Na-dependent exchange (Ser-L in)"
"R_SERCYSNaEx","Transport, extracellular","L-serine/L-cysteine Na-dependent exchange (Ser-L in)"
"R_SERGLNNaEx","Transport, extracellular","L-serine/L-glutamine Na-dependent exchange (Ser-L in)"
"R_SERHCYSNaEx","Transport, extracellular","L-serine/L-homocysteine Na-dependent exchange (Ser-L in)"
"R_SERHL","Glycine, serine and threonine metabolism","L-serine dehydratase"
"R_SERLYSNaEx","Transport, extracellular","L-serine/L-arginine Na-dependent exchange (Ser-L in)"
"R_SERMMARGNaEx","Transport, extracellular","L-serine/N(omega)-methyl-L-arginine Na-dependent exchange (Ser-L in)"
"R_SERORNNaEx","Transport, extracellular","L-serine/L-ornithine Na-dependent exchange (Ser-L in)"
"R_SERPT","Sphingolipid metabolism","Serine palmitoyltransferase (CoA 16:0)"
"R_SERPYRTA","Glycine, serine and threonine metabolism","Serine-pyruvate aminotransferase"
"R_SERtec","Transport, extracellular","L-serine transport via facilitated diffusion"
"R_SERTHRex","Transport, extracellular","L-serine/L-threonine exchange"
"R_SERTHRNaEx","Transport, extracellular","L-serine/L-threonine Na-dependent exchange (Ser-L in)"
"R_SERTRPex","Transport, extracellular","L-serine/L-tyrptophan exchange"
"R_SERTRS","Aminoacyl-tRNA biosynthesis","L-Serine:tRNA(Ser) ligase (AMP-forming)"
"R_SERTYRex","Transport, extracellular","L-serine/L-tyrosine exchange"
"R_SERVALex","Transport, extracellular","L-serine/L-valine exchange"
"R_SFGTH","Glutathione metabolism","S-Formylglutathione hydralase"
"R_SH1_Cltex","Transport, extracellular","Transport of hydrosulfide via chloride antiport"
"R_SHPK","Pentose phosphate pathway","Sedoheptulokinase"
"R_SK_accprot_lys__L_c","Pseudoreactions","[acceptor protein]-L-lysine sink"
"R_SK_accprot_monoubiqlys_c","Pseudoreactions","N6-monoubiquitinyl-[acceptor protein]-L-lysine sink"
"R_SK_accprot_ubiqlys_c","Pseudoreactions","N6-ubiquitinyl-[acceptor protein]-L-lysine sink"
"R_SK_avite1_c","Pseudoreactions","Alpha-tocopherol sink"
"R_SK_avite1qn_c","Pseudoreactions","Alpha-tocopherol quinone sink"
"R_SK_ca2_c","Pseudoreactions","Calcium sink"
"R_SK_carboxyhb_c","Pseudoreactions","Carboxyhemoglobin sink"
"R_SK_cclglobin_c","Pseudoreactions","Covalent crosslinked globin multimer sink"
"R_SK_co3r_c","Pseudoreactions","Carbonate radical sink"
"R_SK_cullin_lys__L_c","Pseudoreactions","[cullin]-L-lysine  sink"
"R_SK_cullin_nedd8lys_c","Pseudoreactions","N6-[NEDD8-protein]-yl-[cullin]-L-lysine sink"
"R_SK_globin_c","Pseudoreactions","Globin sink"
"R_SK_grdx2cox_c","Pseudoreactions","Glutaredoxin (2-cys) disulfide sink"
"R_SK_grdx2crd_c","Pseudoreactions","Glutaredoxin (2-cys) disulfide sink"
"R_SK_hb_hco2_c","Pseudoreactions","Oxyhemoglobin (Protonated Carbamino Deoxyhemoglobin) sink"
"R_SK_hb4_23dpg_c","Pseudoreactions","Deoxyhemoglobin (tetramer, 2,3-bisphospho-D-glycerate) sink"
"R_SK_hba1c_c","Pseudoreactions","Glycated hemoglobin sink"
"R_SK_hbsno_c","Pseudoreactions","S-Nitrosylhemoglobin sink"
"R_SK_hemedegprods_c","Pseudoreactions","Heme degradation products sink"
"R_SK_hno_c","Pseudoreactions","Nitroxyl radical sink"
"R_SK_k_c","Pseudoreactions","K+ sink"
"R_SK_na1_c","Pseudoreactions","Sodium sink"
"R_SK_nedd8_c","Pseudoreactions","NEDD8 protein sink"
"R_SK_oxyhb_c","Pseudoreactions","Oxyhemoglobin (O2) sink"
"R_SK_polyubb_c","Pseudoreactions","Polyubiquitin-B sink"
"R_SK_prdx2crd_c","Pseudoreactions","Peroxiredoxin (2-cys, reduced) sink"
"R_SK_prdx2cso3_c","Pseudoreactions","Peroxiredoxin (2-cys, sulfonic) sink"
"R_SK_protres_aclys__L_c","Pseudoreactions","N-acetyl-L-lysyl-[protein] sink"
"R_SK_protres_admarg__L_c","Pseudoreactions","Asymmetrical dimethyl-L-arginyl-[protein] sink"
"R_SK_protres_arg__L_c","Pseudoreactions","L-arginyl-[protein]  sink"
"R_SK_protres_asn__L_c","Pseudoreactions","L-asparaginyl-[protein] sink"
"R_SK_protres_asp__D_c","Pseudoreactions","D-aspartyl-[protein] sink"
"R_SK_protres_asp__L_c","Pseudoreactions","L-aspartyl-[protein] sink"
"R_SK_protres_cys__L_c","Pseudoreactions","L-cysteinyl-[protein] sink"
"R_SK_protres_frulys_c","Pseudoreactions","N6-(D-fructosyl)-L-lysyl-[protein] sink"
"R_SK_protres_gln__L_c","Pseudoreactions","L-glutaminyl-[protein] sink"
"R_SK_protres_glu__L_c","Pseudoreactions","L-glutamyl-[protein] sink"
"R_SK_protres_glu5meo__L_c","Pseudoreactions","[protein]-L-glutamate 5-O-methyl ester sink"
"R_SK_protres_gludpam_c","Pseudoreactions","5-dopaminyl-L-glutamyl-[protein] sink"
"R_SK_protres_gluhista_c","Pseudoreactions","5-histaminyl-L-glutamyl-[protein] sink"
"R_SK_protres_glunpphr_c","Pseudoreactions","5-(R)-noradrenalinyl-L-glutamyl-[protein] sink"
"R_SK_protres_glusrtn_c","Pseudoreactions","5-serotonyl-L-glutamyl-[protein] sink"
"R_SK_protres_his__L_c","Pseudoreactions","L-histidyl-[protein] sink"
"R_SK_protres_hxdcacys_c","Pseudoreactions","S-hexadecanoyl-L-cysteinyl-[protein] sink"
"R_SK_protres_isoasp__D_c","Pseudoreactions","[protein]-D-isoaspartate sink"
"R_SK_protres_isoasp__L_c","Pseudoreactions","[protein]-L-isoaspartate sink"
"R_SK_protres_lys__L_c","Pseudoreactions","L-lysyl-[protein] sink"
"R_SK_protres_lysglu_protres_c","Pseudoreactions","[protein]-L-lysyl-N6-5-L-glutamyl-[protein] sink"
"R_SK_protres_met__L_c","Pseudoreactions","L-methionyl-[protein] sink"
"R_SK_protres_metSox__SL_c","Pseudoreactions","L-methionyl-(S)-S-oxide-[protein] sink"
"R_SK_protres_Nproshispi_c","Pseudoreactions","N(pros)-phospho-L-histidyl-[protein] sink"
"R_SK_protres_Ntelehispi_c","Pseudoreactions","N(tele)-phospho-L-histidyl-[protein] sink"
"R_SK_protres_oadpribser_c","Pseudoreactions","O-(ADP-D-ribosyl)-L-seryl-[protein] sink"
"R_SK_protres_ocdcacys_c","Pseudoreactions","S-octadecanoyl-L-cysteinyl-[protein] sink"
"R_SK_protres_rbllys_c","Pseudoreactions","N6-D-ribulosyl-L-lysyl-[protein] sink"
"R_SK_protres_sadpribcys_c","Pseudoreactions","S-(ADP-D-ribosyl)-L-cysteinyl-[protein] sink"
"R_SK_protres_sdmarg__L_c","Pseudoreactions","Symmetrical dimethyl-L-arginyl-[protein] sink"
"R_SK_protres_ser__L_c","Pseudoreactions","L-seryl-[protein] sink"
"R_SK_protres_ser3oacgam_c","Pseudoreactions","3-O-(N-acetyl-beta-D-glucosaminyl)-L-seryl-[protein] sink"
"R_SK_protres_serpi_c","Pseudoreactions","O-phospho-L-seryl-[protein] sink"
"R_SK_protres_serTAg_c","Pseudoreactions","T-antigen (L-seryl-[protein]) sink"
"R_SK_protres_snocys__L_c","Pseudoreactions","S-nitroso-L-cysteinyl-[protein] sink"
"R_SK_protres_thr__L_c","Pseudoreactions","L-threonyl-[protein] sink"
"R_SK_protres_thr3oacgam_c","Pseudoreactions","3-O-(N-acetyl-beta-D-glucosaminyl)-L-threonyl-[protein] sink"
"R_SK_protres_thrpi_c","Pseudoreactions","O-phospho-L-threonyl-[protein] sink"
"R_SK_protres_thrTAg_c","Pseudoreactions","T-antigen (L-threonyl-[protein]) sink"
"R_SK_protres_ttdcacys_c","Pseudoreactions","S-tetradecanoyl-L-cysteinyl-[protein] sink"
"R_SK_protres_tyr__L_c","Pseudoreactions","L-tyrosyl-[protein] sink"
"R_SK_protres_tyrpi_c","Pseudoreactions","O-phospho-L-tyrosyl-[protein] sink"
"R_SK_ubiquitin_c","Pseudoreactions","ubiquitin sink"
"R_SLDx","Cysteine and methionine metabolism","L-sulfolactate dehydrogenase (NAD + )"
"R_SMFLOPt","Transport, extracellular","Sphingomyelin floppase"
"R_SMOX","Arginine and proline metabolism","Spermine oxidase"
"R_SMPD","Sphingolipid metabolism","Sphingomyelin phosphodiesterase"
"R_SMS","Sphingolipid metabolism","Sphingomyelin synthase"
"R_SMSCRt","Transport, extracellular","Sphingomyelin scramblase"
"R_SMSCYSL2","Selenocompound metabolism","Se-methyl-L-selenocysteine methaneselenol-lyase (deaminating; pyruvate-forming)"
"R_SNOCOARD","Reactive species formation and detoxification","S-nitroso-CoA reductase"
"R_SNOCYSDN","Reactive species formation and detoxification","Denitrosylation of L-cysteine  via glutaredoxin (2-cys)"
"R_SNOCYSt","Transport, extracellular","Transport of S-nitroso-L-cysteine"
"R_SNOHBCYSTN","Hemoglobin binding and degradation","S-nitrosohemoglobin:L-cysteine transnitrosylation"
"R_SNOHBGTHTN","Hemoglobin binding and degradation","S-nitrosohemoglobin:glutathione transnitrosylation"
"R_SNOHBNO","Hemoglobin binding and degradation","S-nitrosylation of hemoglobin via transfer of iron-bound NO"
"R_SO4Cltex2","Transport, extracellular","Sulfate transport via chloride countertransport (2:1)"
"R_SO4OXAtex2","Transport, extracellular","Sulfate transport via oxalate countertransport (2:1)"
"R_SPH1PL","Sphingolipid metabolism","Sphinganine-1-phosphate lyase"
"R_SPH1PP","Sphingolipid metabolism","Sphinganine-1-phosphate phosphatase"
"R_SPH1tex","Transport, extracellular","Sphinganine 1-phosphate transport via proton symport"
"R_SPHGANK","Sphingolipid metabolism","Sphinganine kinase"
"R_SPHGNSK","Sphingolipid metabolism","Sphingosine kinase"
"R_SPHGNSte","Transport, extracellular","Transport of sphingosine via diffusion"
"R_SPHGNte","Transport, extracellular","Transport of sphinganine via diffusion"
"R_SPHS1PABCte","Transport, extracellular","ATP-binding Cassette (ABC) export of sphingosine 1-phosphate"
"R_SPHS1PL","Sphingolipid metabolism","Sphingosine-1-phosphate lyase"
"R_SPHS1PP","Sphingolipid metabolism","Sphingosine-1-phosphate phosphatase"
"R_SPHS1tex","Transport, extracellular","Sphingosine 1-phosphate transport via proton symport"
"R_SPMDACT","Arginine and proline metabolism","Spermidine acetyltransferase"
"R_SPMDOX","Arginine and proline metabolism","Spermidine oxidase"
"R_SPMDtex2","Transport, extracellular","Spermidine excretion cytosol to extracellular"
"R_SPMS","Arginine and proline metabolism","Spermidine synthase"
"R_SPODM","Reactive species formation and detoxification","Superoxide dismutase"
"R_SPODM2","Sulfur metabolism","Superoxide dismutase (Hydrogen sulfide)"
"R_SPODMe","Reactive species formation and detoxification","Superoxide dismutase"
"R_SPPTDH","Biopterin metabolism","7,8-Dihydrobiopterin:NADP+ oxidoreductase"
"R_SPPTt","Transport, extracellular","Sepiapterin transport via facilitated diffusion"
"R_SPRMACT","Arginine and proline metabolism","Spermine acetyltransferase"
"R_SPRMS","Arginine and proline metabolism","Spermine synthase"
"R_SPRMt2","Transport, extracellular","Spermine transport via proton antiport irreversible"
"R_SRDX1GRDX2CDG","Reactive species formation and detoxification","Deglutathionylation of sulfiredoxin (1-cys) via glutaredoxin (2-cys)"
"R_SRDX1GTHDG","Reactive species formation and detoxification","Deglutathionylation of sulfiredoxin (1-cys) via glutathione"
"R_SRDX1GTHRD","Reactive species formation and detoxification","Reduction of of hyperoxidized peroxiredoxin (2-cys) hyperoxidation"
"R_SRTNt","Transport, extracellular","Transport of seratonin via diffusion"
"R_SSGTHOX","Sulfur metabolism","Oxidation of S-sulfanylglutathione"
"R_SSGTHRD","Sulfur metabolism","S-desulfurization of S-sulfanylglutathione"
"R_SSO2GTHHYD","Sulfur metabolism","Nonenzymatic hydrolysis of glutathione S-sulfinate"
"R_SUCACETAT","Phenylalanine, tyrosine and tryptophan metabolism","Alternative Route for Formation of Succinylacetone, from Fumarylacetoacetate"
"R_SUCACETATALT","Phenylalanine, tyrosine and tryptophan metabolism","Alternative Route for Formation of Succinylacetone, from Maleylacetoacetate"
"R_SUCACETO","Phenylalanine, tyrosine and tryptophan metabolism","Alternative Route for Formation of Succinylacetone, from Succinyl-Acetoacetate"
"R_SULO","Sulfur metabolism","Sulfite oxidase"
"R_T3HLPD","Unclassified subsystem","Trans-3-hydroxy-L-proline dehydratase"
"R_TAGL","Glycerolipid metabolism","Triacylglycerol (TG) lipase"
"R_TALA","Pentose phosphate pathway","Transaldolase"
"R_TAURt","Transport, extracellular","Transport of taurine"
"R_TCHOGTHABCte","Transport, extracellular","ATP-binding Cassette (ABC) export of taurocholate with glutathione cotransport"
"R_TCHOLAte","Transport, extracellular","Transport of taurocholate"
"R_TDCHOGTHABCte","Transport, extracellular","ATP-binding Cassette (ABC) export of taurochenodeoxycholate with glutathione cotransport"
"R_TDCHOLAte","Transport, extracellular","Transport of taurochenodeoxycholate"
"R_TDECHOLAte","Transport, extracellular","Transport of taurodeoxycholate"
"R_TDP","Thiamine metabolism","Thiamin pyrophosphatase"
"R_TETIODTHYt2","Transport, extracellular","3,3',5,5'-Tetraiodo-L-thyronine transport"
"R_THBPT4ACAMDASE","Biopterin metabolism","Tetrahydrobiopterin-4a-carbinolamine dehydratase"
"R_THBPTt","Transport, extracellular","Tetrahydrobiopterin transport via facilitated diffusion"
"R_THF_5FTHFtex","Transport, extracellular","Tetrahydrofolate transport via 5-Foryml-tetrahydrofolate countertransport"
"R_THF_5MTHFtex","Transport, extracellular","Tetrahydrofolate transport via 5-Methyl-tetrahydrofolate countertransport"
"R_THF_AICARtex","Transport, extracellular","5-Methyl-tetrahydrofolate transport via AICAR countertransport"
"R_THF_OHtex","Transport, extracellular","Tetrahydrofolate transport via hydroxide countertransport"
"R_THF_THMMPtex","Transport, extracellular","5-Methyl-tetrahydrofolate transport via thiamine monophosphate countertransport"
"R_THGDPK","Azathioprine and 6-mercaptopurine metabolism","Nucleoside-diphosphate kinase (ATP:6TGDP)"
"R_THGMPABCte","Transport, extracellular","ATP-binding Cassette (ABC) export of 6-thioguanosine monophosphate"
"R_THGMPK","Azathioprine and 6-mercaptopurine metabolism","Guanylate kinase (6-thioguanosine monophosphate)"
"R_THIMPABCte","Transport, extracellular","ATP-binding Cassette (ABC) export of 6-thioinosine monophosphate"
"R_THIOGMPMT","Azathioprine and 6-mercaptopurine metabolism","S-adenosyl-L-methionine:6-thioguanosine-5-monophosphate S-methyltransferase"
"R_THIOGMPS","Azathioprine and 6-mercaptopurine metabolism","6-thioguanosine monophosphate synthase"
"R_THIOGMPS2","Azathioprine and 6-mercaptopurine metabolism","6-thioguanosine monophosphate synthase"
"R_THIOGSNPNP","Azathioprine and 6-mercaptopurine metabolism","Purine-nucleoside phosphorylase (guanosine)"
"R_THIOGUAPRT","Azathioprine and 6-mercaptopurine metabolism","6-Thioguanine phosphoribosyltransferase"
"R_THIOIMPD","Azathioprine and 6-mercaptopurine metabolism","6-thioinosine monophosphate dehydrogenase"
"R_THIOIMPMT","Azathioprine and 6-mercaptopurine metabolism","S-adenosyl-L-methionine:6-thioinosine-5-monophosphate S-methyltransferase"
"R_THMMP_OHtex","Transport, extracellular","Thiamine monophosphate transport via hydroxide countertransport"
"R_THMMPP","Thiamine metabolism","Thiamin monophosphate phosphohydrolase"
"R_THMMPPe","Thiamine metabolism","Thiamin monophosphate phosphohydrolase"
"R_THMt","Transport, extracellular","Thiamine transport via diffusion"
"R_THMt3","Transport, extracellular","Thiamine transport via proton antiport"
"R_THMTP","Thiamine metabolism","Thiamine-triphosphatase"
"R_THRA","Glycine, serine and threonine metabolism","Threonine aldolase"
"R_THRADMARGNaEx","Transport, extracellular","L-threonine/Asymmetric N(omega),N(omega)-dimethyl-L-arginine Na-dependent exchange (Thr-L in)"
"R_THRALANaEx","Transport, extracellular","L-threonine/L-alanine Na-dependent exchange (Thr-L in)"
"R_THRARGNaEx","Transport, extracellular","L-threonine/L-arginine Na-dependent exchange (Thr-L in)"
"R_THRASNNaEx","Transport, extracellular","L-threonine/L-asparagine Na-dependent exchange (Thr-L in)"
"R_THRCITRNaEx","Transport, extracellular","L-threonine/L-citrulline Na-dependent exchange (Thr-L in)"
"R_THRCYSNaEx","Transport, extracellular","L-threonine/L-cysteine Na-dependent exchange (Thr-L in)"
"R_THRGLNNaEx","Transport, extracellular","L-threonine/L-glutamine Na-dependent exchange (Thr-L in)"
"R_THRHCYSNaEx","Transport, extracellular","L-threonine/L-homocysteine Na-dependent exchange (Thr-L in)"
"R_THRHL","Glycine, serine and threonine metabolism","L-threonine dehydratase"
"R_THRLYSNaEx","Transport, extracellular","L-threonine/L-arginine Na-dependent exchange (Thr-L in)"
"R_THRMMARGNaEx","Transport, extracellular","L-threonine/N(omega)-methyl-L-arginine Na-dependent exchange (Thr-L in)"
"R_THRORNNaEx","Transport, extracellular","L-threonine/L-ornithine Na-dependent exchange (Thr-L in)"
"R_THRSERNaEx","Transport, extracellular","L-threonine/L-serine Na-dependent exchange (Thr-L in)"
"R_THRtec","Transport, extracellular","L-threonine transport via facilitated diffusion"
"R_THRTLD_Lx","Pentose and glucuronate interconversions","L-threitol:NAD+ 2-oxidoreductase"
"R_THRTRPex","Transport, extracellular","L-threonine/L-tyrptophan exchange"
"R_THRTRS","Aminoacyl-tRNA biosynthesis","L-Threonine:tRNA(Thr) ligase (AMP-forming)"
"R_THRTYRex","Transport, extracellular","L-threonine/L-tyrosine exchange"
"R_THRVALex","Transport, extracellular","L-threonine/L-valine exchange"
"R_THXMPABCte","Transport, extracellular","ATP-binding Cassette (ABC) export of 6-thioxanthine monophosphate"
"R_THYMDt","Transport, extracellular","Thymidine transport via facilitated diffusion"
"R_THYMt","Transport, extracellular","Transport of thymine"
"R_TKT1","Pentose phosphate pathway","Transketolase"
"R_TKT2","Pentose phosphate pathway","Transketolase"
"R_TMABADH","Lysine metabolism","4-trimethylammoniobutanal:NAD + oxidoreductase"
"R_TMASCBOXt","Transport, extracellular","Monodehydroascorbate:ascorbate oxidorectuctase (electron-translocating)"
"R_TMASCBOXt2","Transport, extracellular","Fe(III):ascorbate oxidorectuctase (electron-translocating)"
"R_TMASCBOXt3","Transport, extracellular","Cu(II):ascorbate oxidorectuctase (electron-translocating)"
"R_TMCU2RDte","Transport, extracellular","Copper(II):NADP + oxidoreductase (electron-translocating)"
"R_TMDNC1112MOXy","Eicosapentaenoic acid metabolism","Cytochromes P450:NADPH monooxygenase (eicosapentaenoate , 11,12-EEQ forming)"
"R_TMDNC1415MOXy","Eicosapentaenoic acid metabolism","Cytochromes P450:NADPH monooxygenase (eicosapentaenoate , 14,15-EEQ forming)"
"R_TMDNC1718MOXy","Eicosapentaenoic acid metabolism","Cytochromes P450:NADPH monooxygenase (eicosapentaenoate , 17,18-EEQ forming)"
"R_TMDNC56MOXy","Eicosapentaenoic acid metabolism","Cytochromes P450:NADPH monooxygenase (eicosapentaenoate , 5,6-EEQ forming)"
"R_TMDNC89MOXy","Eicosapentaenoic acid metabolism","Cytochromes P450:NADPH monooxygenase (eicosapentaenoate , 8,9-EEQ forming)"
"R_TMDPK","Thiamine metabolism","Thiamine diphosphokinase (ATP)"
"R_TMDPK2","Thiamine metabolism","Thiamine diphosphokinase (GTP)"
"R_TMDPK3","Thiamine metabolism","Thiamine diphosphokinase (ITP)"
"R_TMDPK4","Thiamine metabolism","Thiamine diphosphokinase (UTP)"
"R_TMFE3RDte","Transport, extracellular","Iron(III):NADP + oxidoreductase (electron-translocating)"
"R_TMNDNCOHRI","Eicosapentaenoic acid metabolism","Initiation of eicosapentaenoate radical via hydroxyl radical"
"R_TMNDNCRO2P","Eicosapentaenoic acid metabolism","Propogation of eicosapentaenoate radical to peroxyl radical"
"R_TMNDNCROO11AVITE1RT","Eicosapentaenoic acid metabolism","Termination of eicosapentaenoate peroxyl radical via alpha-tocopherol radical (11-HPEPE forming)"
"R_TMNDNCROO11AVITE1T","Eicosapentaenoic acid metabolism","Termination of eicosapentaenoate peroxyl radical via alpha-tocopherol (11-HPEPE forming)"
"R_TMNDNCROO12AVITE1RT","Eicosapentaenoic acid metabolism","Termination of eicosapentaenoate peroxyl radical via alpha-tocopherol radical (12-HPEPE forming)"
"R_TMNDNCROO12AVITE1T","Eicosapentaenoic acid metabolism","Termination of eicosapentaenoate peroxyl radical via alpha-tocopherol (12-HPEPE forming)"
"R_TMNDNCROO15AVITE1RT","Eicosapentaenoic acid metabolism","Termination of eicosapentaenoate peroxyl radical via alpha-tocopherol radical (15-HPEPE forming)"
"R_TMNDNCROO15AVITE1T","Eicosapentaenoic acid metabolism","Termination of eicosapentaenoate peroxyl radical via alpha-tocopherol (15-HPEPE forming)"
"R_TMNDNCROO18AVITE1RT","Eicosapentaenoic acid metabolism","Termination of eicosapentaenoate peroxyl radical via alpha-tocopherol radical (18-HPEPE forming)"
"R_TMNDNCROO18AVITE1T","Eicosapentaenoic acid metabolism","Termination of eicosapentaenoate peroxyl radical via alpha-tocopherol (18-HPEPE forming)"
"R_TMNDNCROO5AVITE1RT","Eicosapentaenoic acid metabolism","Termination of eicosapentaenoate peroxyl radical via alpha-tocopherol radical (5-HPEPE forming)"
"R_TMNDNCROO5AVITE1T","Eicosapentaenoic acid metabolism","Termination of eicosapentaenoate peroxyl radical via alpha-tocopherol (5-HPEPE forming)"
"R_TMNDNCROO8AVITE1RT","Eicosapentaenoic acid metabolism","Termination of eicosapentaenoate peroxyl radical via alpha-tocopherol radical (8-HPEPE forming)"
"R_TMNDNCROO8AVITE1T","Eicosapentaenoic acid metabolism","Termination of eicosapentaenoate peroxyl radical via alpha-tocopherol (8-HPEPE forming)"
"R_TMNDNCROO9AVITE1RT","Eicosapentaenoic acid metabolism","Termination of eicosapentaenoate peroxyl radical via alpha-tocopherol radical (9-HPEPE forming)"
"R_TMNDNCROO9AVITE1T","Eicosapentaenoic acid metabolism","Termination of eicosapentaenoate peroxyl radical via alpha-tocopherol (9-HPEPE forming)"
"R_TPI","Glycolysis / Gluconeogenesis","Triose-phosphate isomerase"
"R_TRDRy","Reactive species formation and detoxification","Thioredoxin reductase (NADPH)"
"R_TRIIODTHYt2","Transport, extracellular","3,3,3'-Triiodo-L-thyronine (T3) transport via facilitated diffusion"
"R_TRIOK","Fructose and mannose metabolism","Triokinase"
"R_TRPADMARGNaEx","Transport, extracellular","L-tryptophan/Asymmetric N(omega),N(omega)-dimethyl-L-arginine Na-dependent exchange (Trp-L in)"
"R_TRPARGNaEx","Transport, extracellular","L-tryptophan/L-arginine Na-dependent exchange (Trp-L in)"
"R_TRPCITRNaEx","Transport, extracellular","L-tryptophan/L-citrulline Na-dependent exchange (Trp-L in)"
"R_TRPHLKYNR","Transport, extracellular","3-hydroxy-L-kynurenine/L-tyrptophan exchange"
"R_TRPLYSNaEx","Transport, extracellular","L-tryptophan/L-arginine Na-dependent exchange (Trp-L in)"
"R_TRPMMARGNaEx","Transport, extracellular","L-tryptophan/N(omega)-methyl-L-arginine Na-dependent exchange (Trp-L in)"
"R_TRPORNNaEx","Transport, extracellular","L-tryptophan/L-ornithine Na-dependent exchange (Trp-L in)"
"R_TRPtec","Transport, extracellular","L-tyrptophan transport via facilitated diffusion (extracellular/cytosol)"
"R_TRPTRS","Aminoacyl-tRNA biosynthesis","L-Tryptophan -tRNA(Trp) ligase (AMP-forming)"
"R_TRPTYRex","Transport, extracellular","L-tyrptophan/L-tyrosine exchange"
"R_TRPVALex","Transport, extracellular","L-tyrptophan/L-valine exchange"
"R_TSTSTERONEt","Transport, extracellular","Thiamine transport via diffusion"
"R_TUDCHOGTHABCte","Transport, extracellular","ATP-binding Cassette (ABC) export of tauroursodeoxycholate with glutathione cotransport"
"R_TUDCHOLAte","Transport, extracellular","Transport of tauroursodeoxycholate"
"R_TYR3MO2","Phenylalanine, tyrosine and tryptophan metabolism","L-tyrosine,tetrahydrobiopterin:oxygen oxidoreductase(3-hydroxylating)"
"R_TYRADMARGNaEx","Transport, extracellular","L-tyrosine/Asymmetric N(omega),N(omega)-dimethyl-L-arginine Na-dependent exchange (Tyr-L in)"
"R_TYRARGNaEx","Transport, extracellular","L-tyrosine/L-arginine Na-dependent exchange (Tyr-L in)"
"R_TYRCITRNaEx","Transport, extracellular","L-tyrosine/L-citrulline Na-dependent exchange (Tyr-L in)"
"R_TYRLYSNaEx","Transport, extracellular","L-tyrosine/L-arginine Na-dependent exchange (Tyr-L in)"
"R_TYRMMARGNaEx","Transport, extracellular","L-tyrosine/N(omega)-methyl-L-arginine Na-dependent exchange (Tyr-L in)"
"R_TYRORNNaEx","Transport, extracellular","L-tyrosine/L-ornithine Na-dependent exchange (Tyr-L in)"
"R_TYRTA","Phenylalanine, tyrosine and tryptophan metabolism","Tyrosine transaminase"
"R_TYRtec","Transport, extracellular","L-tyrosine transport via facilitated diffusion (extracellular/cytosol)"
"R_TYRTRS","Aminoacyl-tRNA biosynthesis","L-Tyrosine:tRNA(Tyr) ligase (AMP-forming)"
"R_TYRVALex","Transport, extracellular","L-tyrosine/L-valine exchange"
"R_UAG4E","Amino sugar and nucleotide sugar metabolism","UDP-N-acetylglucosamine 4-epimerase"
"R_UAGALDP","Amino sugar and nucleotide sugar metabolism","UDP-N-acetylgalactosamine diphosphorylase"
"R_UAGDP","Amino sugar and nucleotide sugar metabolism","UDP-N-acetylglucosamine diphosphorylase"
"R_UBIQE1ACT","Ubiquitin mediated proteolysis","ubiquitin:[E1 ubiquitin-activating enzyme] ligase (AMP-forming)"
"R_UBIQE1E2T","Ubiquitin mediated proteolysis","S-ubiquitinyl-[E1 ubiquitin-activating enzyme]-L-cysteine:[E2 ubiquitin-conjugating enzyme] ubiquitinyl transferase"
"R_UBIQE1T","Ubiquitin mediated proteolysis","[E1 ubiquitin-activating enzyme]-S-ubiquitinyl-L-cysteine:L-lysine ubiquitinyl transferase ([E3 ubiquitin transferase]-independent)"
"R_UBIQE2CONJT","Ubiquitin mediated proteolysis","[E2 ubiquitin-conjugating enzyme]-S-ubiquitinyl-L-cysteine:[acceptor protein] ubiquitin transferase"
"R_UDPG4E","Galactose metabolism","UDP-glucose 4-epimerase"
"R_UGLT","Galactose metabolism","UDP-glucose:alpha-D-galactose-1-phosphate uridylyltransferase"
"R_UMPCYTDPT","Pyrimidine metabolism","Nucleoside phosphotransferase (UMP:Cytidine)"
"R_UMPINSPT","Purine metabolism","Nucleoside phosphotransferase (UMP:Inosine)"
"R_UMPK1","Nucleotide metabolism","Uridylate kinase (ATP:UMP)"
"R_UMPK5","Nucleotide metabolism","Uridylate kinase (dATP:UMP)"
"R_UNK3","Cysteine and methionine metabolism","2-keto-4-methylthiobutyrate transamination"
"R_UPP1ABCte","Transport, extracellular","ATP-binding Cassette (ABC) export of uroporphyrin I"
"R_UPP3ABCte","Transport, extracellular","ATP-binding Cassette (ABC) export of uroporphyrin III"
"R_UPPG1DC","Porphyrin metabolism","Uroporphyrinogen decarboxylase (uroporphyrinogen I)"
"R_UPPG1OX","Porphyrin metabolism","Nonenzymatic oxidation of Uroporphyrinogen I"
"R_UPPG1S","Porphyrin metabolism","Nonenzymatic cyclization of Uroporphyrinogen I"
"R_UPPG3DC","Porphyrin metabolism","Uroporphyrinogen decarboxylase (uroporphyrinogen III)"
"R_UPPG3OX","Porphyrin metabolism","Nonenzymatic oxidation of Uroporphyrinogen III"
"R_UPPG3S","Porphyrin metabolism","Uroporphyrinogen-III synthase"
"R_URAt","Transport, extracellular","Transport of uracil"
"R_URATEABCte","Transport, extracellular","ATP-binding Cassette (ABC) export of urate"
"R_URATEOH1R","Purine metabolism","Oxidation of urate via hydroxyl radical"
"R_URATEOOHYD","Purine metabolism","Hydrolysis of urate hydroperoxide"
"R_URATERD","Purine metabolism","Disproportionation of urate radical (urate radical)"
"R_URATERO2SX","Purine metabolism","Formation of urate hydroperoxide via superoxide"
"R_URATEt","Transport, extracellular","Transport of urate"
"R_UREAHYDL","Arginine and proline metabolism","Urea hydro-lyase"
"R_UREAt","Transport, extracellular","Urea transport via facilitate diffusion"
"R_URIt","Transport, extracellular","Uridine transport via facilitated diffusion"
"R_VALADMARGNaEx","Transport, extracellular","L-valine/Asymmetric N(omega),N(omega)-dimethyl-L-arginine Na-dependent exchange (Val-L in)"
"R_VALALANaEx","Transport, extracellular","L-valine/L-alanine Na-dependent exchange (Val-L in)"
"R_VALARGNaEx","Transport, extracellular","L-valine/L-arginine Na-dependent exchange (Val-L in)"
"R_VALCITRNaEx","Transport, extracellular","L-valine/L-citrulline Na-dependent exchange (Val-L in)"
"R_VALLYSNaEx","Transport, extracellular","L-valine/L-arginine Na-dependent exchange (Val-L in)"
"R_VALMMARGNaEx","Transport, extracellular","L-valine/N(omega)-methyl-L-arginine Na-dependent exchange (Val-L in)"
"R_VALORNNaEx","Transport, extracellular","L-valine/L-ornithine Na-dependent exchange (Val-L in)"
"R_VALtec","Transport, extracellular","L-valine transport via facilitated diffusion (extracellular/cytosol)"
"R_VALTRS","Aminoacyl-tRNA biosynthesis","L-Valine:tRNAVal ligase (AMP-forming)"
"R_VANILLAC","Phenylalanine, tyrosine and tryptophan metabolism","Formation of vanillactate"
"R_VANILLACte","Transport, extracellular","Transport of vanillactate"
"R_VANILPYR","Phenylalanine, tyrosine and tryptophan metabolism","3-O-methyldopa:2-oxoglutarate aminotransferase"
"R_VATPASEte","Transport, extracellular","V-type proton ATPase"
"R_VLDPP","Peptide metabolism","L-valyl-L-leucine dipeptidase"
"R_VPDPP","Peptide metabolism","L-valyl-L-proline dipeptidase"
"R_VYDPP","Renin-angiotensin system","L-valyl-L-tyrosine dipeptidase"
"R_XANt","Transport, extracellular","Xanthine transport via facilitated diffusion"
"R_XAO","Purine metabolism","Xanthine oxidase (xanthine, hydrogen peroxide-forming)"
"R_XAO2","Purine metabolism","Xanthine oxidase (hypoxanthine, hydrogen peroxide-forming)"
"R_XAO3","Purine metabolism","Xanthine oxidase (xanthine, superoxide-forming)"
"R_XAO4","Purine metabolism","Xanthine oxidase (hypoxanthine, superoxide-forming)"
"R_XNTHRNSYN","Phenylalanine, tyrosine and tryptophan metabolism","4-(2-amino-3-hydroxyphenyl)-2,4-dioxobutanoate dehydratase"
"R_XOLEST2EH","Cholesterol metabolism","Cholesterol ester (CE) hydrolase"
"R_XPPT","Purine metabolism","Xanthine phosphoribosyltransferase"
"R_XYLK","Pentose and glucuronate interconversions","Xylulokinase"
"R_XYLR_Dy","Pentose and glucuronate interconversions","Aldose reductase (D-xylose, NADPH)"
"R_XYLt","Transport, extracellular","Transport of D-xylose"
"R_XYLTD_Dx","Pentose and glucuronate interconversions","Xylitol:NAD+ 2-oxidoreductase (D-xylulose-forming)"
"R_XYLTt","Transport, extracellular","Transport of xylitol"
"R_XYLU_Dt","Transport, extracellular","Transport of D-xylulose"
"R_XYLUR_Ly","Pentose and glucuronate interconversions","Xylulose reductase"
"R_YYDPP","Peptide metabolism","L-tyrosyl-L-tyrosine dipeptidase"
"R_YYYTPAP","Peptide metabolism","L-tryptophyl-tryptophyl-tryptophan tripeptide aminopeptidase"
"R_ZN2_2HCO3t","Transport, extracellular","Zinc (II):bicarbonate symport (1:2)"
"R_ZN2_HCO3_SELNIt","Transport, extracellular","Zinc (II):bicarbonate Selenite symport (1:1:1)"
"R_ZN2Htex2","Transport, extracellular","Zinc (II) export via H+ antiport (2:1)"
"R_ZN2t","Transport, extracellular","Transport of zinc (II)"
